movieid;country;addition;time
1672052;N;N;107
1672111;N;N;108
1672580;N;N;113
1672716;N;N;96
1673647;N;N;140
1673647;Portugal;(cut version);125
1673658;N;N;98
1673848;N;N;97
1674388;N;N;103
1674737;N;N;96
1677011;N;N;104
1677258;N;N;87
1677346;N;N;87
1677472;USA;N;18
1677516;N;N;101
1677631;N;N;141
1677631;N;(premiere cut);160
1678036;N;N;116
1678591;N;N;96
1679029;N;N;103
1679461;N;N;93
1679507;N;N;82
1679920;N;N;100
1681633;N;N;110
1681655;N;N;93
1681655;USA;(extended cut);100
1682630;N;(original version);90
1682657;N;N;95
1682692;N;N;105
1682746;N;N;118
1682922;N;N;123
1684201;N;N;97
1684430;N;N;121
1684442;N;N;92
1684486;N;N;95
1684910;N;N;72
1685241;N;N;69
1685309;N;N;94
1685405;N;N;115
1685463;N;N;136
1685493;N;N;30
1685815;N;N;97
1686071;N;N;105
1686209;N;N;101
1687181;Argentina;N;100
1687181;Japan;N;96
1687181;UK;N;96
1687181;USA;N;100
1687544;N;N;126
1687544;West Germany;N;104
1687685;N;N;109
1687730;N;N;100
1687730;Argentina;N;105
1687730;Germany;N;107
1687730;Spain;N;105
1687730;USA;N;108
1687738;N;N;80
1687738;Spain;N;83
1687738;UK;(DVD version);79
1687738;USA;(original version);89
1687905;N;N;138
1688103;N;N;108
1688565;Argentina;N;96
1688565;USA;N;96
1689117;N;N;94
1689183;N;N;78
1689210;N;N;23
1689263;N;N;60
1689475;N;N;87
1690318;N;N;89
1690377;N;N;110
1690377;Argentina;N;105
1690377;USA;N;105
1690616;N;N;128
1690710;N;N;89
1690710;UK;(DVD);90
1690773;N;N;103
1690958;N;N;84
1690958;Argentina;N;96
1691077;N;N;97
1691387;UK;N;100
1691642;N;N;120
1691685;Spain;N;98
1691685;UK;N;99
1691685;USA;N;99
1691793;N;N;125
1692173;N;N;116
1692404;N;N;90
1692580;N;N;92
1692580;Germany;N;85
1693225;N;N;82
1693305;N;N;123
1693305;Spain;N;114
1693341;N;N;91
1693345;N;N;96
1693345;Portugal;(cut version);88
1693346;N;N;93
1693346;N;(DVD);99
1693347;N;N;87
1693348;N;N;89
1693818;N;N;105
1693861;N;N;107
1693880;N;N;138
1693880;Germany;(TV version);125
1694141;N;N;122
1694448;N;N;117
1694647;N;N;94
1694901;N;N;128
1695219;N;N;123
1695355;UK;N;117
1696148;N;N;121
1696165;N;N;106
1696168;N;N;89
1696396;N;N;98
1696473;N;N;127
1696496;N;N;101
1696789;N;N;111
1697037;N;N;122
1697037;USA;(re-release);125
1697674;N;N;108
1697690;N;N;105
1697774;N;N;90
1697856;N;N;149
1698492;N;N;90
1698547;N;N;80
1698547;USA;(special edition);86
1698667;N;N;131
1698944;N;N;102
1698960;N;N;117
1698972;N;N;107
1699546;USA;(1976 release);78
1699876;N;N;115
1703410;N;N;97
1703410;USA;(Sundance Film Festival);105
1703469;N;N;113
1703588;N;N;96
1703679;N;N;117
1703907;N;N;121
1704569;N;N;86
1704569;Turkey;(TV version);78
1704571;N;N;90
1704577;N;N;111
1704645;N;N;98
1705196;N;N;51
1705417;N;N;96
1706079;N;N;94
1706140;N;N;100
1706887;N;N;77
1706887;Argentina;N;94
1706887;Germany;(DVD version);94
1707277;N;N;102
1707941;N;N;114
1708591;N;N;32
1708982;N;N;119
1709238;N;N;128
1709892;N;N;92
1709901;N;N;98
1710609;N;N;105
1710622;N;(final version);102
1710622;N;(original version);109
1710622;Argentina;N;103
1710622;Argentina;(DVD version);98
1710622;Australia;(2000 re-release);107
1710622;Norway;N;104
1710622;UK;N;109
1710673;N;N;118
1710673;Argentina;N;120
1710994;N;N;125
1711133;N;N;113
1711143;N;N;98
1711145;N;N;90
1711175;N;N;124
1711356;N;N;92
1711383;N;N;85
1711384;N;N;88
1711393;N;N;114
1711395;N;N;137
1711398;N;N;107
1712152;N;N;124
1713183;N;N;90
1713499;N;N;109
1713755;N;N;97
1714481;N;(copyright length);96
1714991;N;N;124
1714991;Spain;N;127
1715025;N;N;75
1715186;N;(director's cut);116
1715186;N;N;117
1715253;N;N;85
1715288;N;N;91
1715380;N;N;109
1715380;N;(2003 Special Edition);116
1715404;N;N;137
1715404;USA;(1992 special edition);154
1715607;N;N;120
1715793;N;N;138
1716019;N;N;89
1716020;N;N;82
1716411;N;N;90
1716452;N;(copyright length);138
1716452;Germany;N;136
1716452;Spain;(DVD edition);128
1716452;UK;(cut);145
1716452;UK;(BBFC submission before censorship);147
1716452;USA;(TV version);101
1716452;USA;(restored version: Library of Congress);133
1716615;N;N;123
1717077;N;(copyright length);110
1717117;N;N;99
1717144;N;N;87
1717455;N;N;99
1717910;N;N;91
1717910;Argentina;N;92
1718318;N;N;122
1718318;Croatia;(DVD extended cut);152
1718318;USA;(director's cut);162
1718342;N;N;90
1718968;N;N;99
1719502;N;(Sony print);110
1719502;N;N;116
1719614;N;N;20
1720040;N;N;160
1720040;N;(director's cut);180
1720443;N;N;105
1721568;N;N;122
1721607;N;N;88
1721750;N;N;98
1721864;N;N;113
1721888;N;N;117
1721919;N;N;110
1721919;N;(re-release) (1978);112
1721967;N;N;119
1722098;N;N;107
1722164;N;N;95
1722174;N;N;87
1722181;N;N;96
1722198;N;N;102
1722327;N;N;97
1722395;N;N;88
1722617;Canada;N;90
1722617;USA;N;90
1722761;N;N;155
1722776;N;N;105
1722776;UK;N;93
1722777;N;N;104
1723002;Argentina;N;93
1723002;Japan;N;92
1723002;Spain;N;94
1723002;USA;N;93
1723532;N;N;96
1723532;Germany;N;92
1724000;N;N;119
1724037;N;N;86
1724179;N;N;80
1724180;N;N;75
1724190;N;N;97
1724190;Sweden;(heavily cut);92
1724193;N;N;105
1724201;N;N;113
1724413;N;N;112
1724880;N;N;97
1725437;N;N;83
1725774;N;N;89
1726761;N;N;103
1726761;Argentina;N;109
1726934;N;N;94
1727017;N;N;103
1727017;France;N;96
1727082;N;N;160
1727237;N;N;143
1727237;USA;(DVD version);140
1727237;West Germany;N;119
1727348;N;N;100
1727413;N;N;88
1727885;Argentina;N;95
1727885;Germany;N;90
1727885;UK;N;94
1727885;USA;N;94
1728742;N;N;105
1728802;N;N;113
1728889;N;N;100
1728889;West Germany;N;95
1728948;N;N;100
1728948;Canada;(Ontario);101
1728948;USA;(TCM Print);120
1729005;N;N;99
1729026;N;N;145
1729240;N;N;116
1729260;N;N;102
1729569;N;N;90
1729579;N;N;88
1729818;N;N;109
1730566;N;N;108
1730640;N;N;148
1730836;N;N;122
1730975;N;N;93
1731412;N;N;101
1731505;N;N;90
1731582;N;N;108
1732344;N;N;102
1732496;N;N;83
1732658;N;N;150
1732658;USA;(director's cut);156
1732858;N;N;114
1733111;N;N;110
1733479;N;N;153
1733479;N;(Redux version);202
1733566;N;N;140
1733566;N;(Anniversary Edition IMAX version);256
1733566;N;(Universal's 100th Anniversary Blu-Ray Edition);280
1734162;N;N;89
1734321;N;N;111
1734321;Argentina;N;112
1734369;N;N;105
1734803;N;N;103
1735791;N;N;106
1736211;N;N;117
1736268;N;N;151
1736268;USA;(director's cut);153
1736362;N;N;88
1736362;Spain;(DVD edition);83
1736592;N;N;81
1736592;N;(director's cut);96
1736592;UK;(approx);86
1736794;N;N;120
1737340;N;N;118
1737713;Argentina;N;97
1737713;France;N;98
1737766;N;N;97
1738481;N;N;139
1739234;N;N;98
1740732;N;N;105
1740732;N;(DVD);88
1740752;N;N;132
1740811;N;N;91
1741487;N;N;78
1741682;N;N;128
1742509;N;N;104
1743028;N;N;83
1743028;N;(director's cut);90
1743689;N;N;96
1743852;N;N;113
1744178;N;N;94
1744391;N;N;143
1744809;N;N;94
1744809;Turkey;(TV version);68
1744809;USA;N;89
1744811;N;N;95
1745373;UK;N;15
1745406;N;N;103
1745530;N;N;91
1746382;N;N;121
1746829;N;N;145
1747382;N;N;105
1747382;USA;N;75
1747494;N;N;91
1747494;USA;(Encore print);92
1747545;N;N;92
1747649;N;N;103
1747899;N;N;171
1748196;N;N;89
1748219;N;N;97
1748315;N;N;77
1748315;USA;(re-release);73
1748317;N;N;106
1748754;N;N;97
1748996;N;N;95
1748996;USA;(TV version);51
1749026;N;N;109
1749222;N;N;89
1749247;N;N;105
1749683;N;N;96
1749731;N;N;116
1749735;N;N;108
1749737;N;N;118
1749806;N;N;100
1749891;N;N;137
1750364;N;N;118
1750424;N;N;108
1750510;N;N;99
1750660;N;(R-rated version);91
1750660;N;N;96
1750728;N;N;80
1750816;N;N;91
1750816;Australia;(1989 video release);86
1750816;Belgium;(DVD version);98
1751059;N;N;85
1751071;N;N;94
1751872;N;N;119
1753266;USA;N;78
1753348;N;N;70
1753348;West Germany;N;65
1753400;N;N;135
1753578;N;N;82
1753695;N;N;109
1753837;N;N;119
1753860;N;N;110
1754754;N;N;96
1754799;N;N;98
1754799;USA;(unrated version);100
1754884;N;N;98
1755112;N;N;101
1755524;N;N;106
1755813;N;N;89
1756051;N;N;76
1756391;N;N;184
1756768;N;N;127
1756768;USA;(unrated version);128
1756902;N;N;108
1756980;N;N;97
1757342;N;N;125
1757347;N;N;126
1757367;N;N;121
1757378;N;N;126
1757423;N;N;76
1757465;N;N;90
1757485;N;N;91
1757698;N;N;93
1757698;UK;N;86
1757698;USA;(extended version);96
1757893;N;N;118
1757893;South Korea;N;95
1757893;USA;(video version);119
1758003;N;N;77
1758003;Spain;N;61
1758767;N;N;101
1758767;Germany;(TV);94
1758856;N;N;85
1758856;Canada;(DVD version);85
1759189;N;N;89
1759448;N;N;112
1759573;N;N;112
1759654;N;N;107
1759685;N;N;90
1759851;N;N;84
1759851;N;(special edition);91
1759983;N;N;81
1760306;N;N;87
1760386;N;N;117
1760386;N;(re-release) (1980);99
1760386;Germany;N;89
1760386;USA;(restored version) (1996);139
1760449;N;N;96
1760586;Netherlands;N;93
1760586;USA;N;97
1760752;N;N;92
1760876;N;N;105
1760927;N;N;108
1760978;N;N;113
1762161;N;N;122
1762174;N;N;112
1762229;N;N;130
1762644;N;N;103
1762654;N;N;106
1762853;N;N;101
1763019;N;N;96
1763083;N;N;172
1763465;N;N;212
1763465;N;(DVD edition);214
1763465;N;(2005 DVD);222
1763465;Sweden;(1970);219
1763465;Sweden;(1962);224
1763465;UK;(1993 re-release);222
1763653;N;N;95
1763877;N;N;86
1763883;N;N;88
1763910;N;N;98
1763974;N;N;105
1764861;N;N;93
1765082;N;N;92
1765108;N;N;90
1765164;N;N;90
1765347;N;N;90
1765652;N;N;127
1765652;Argentina;N;126
1765787;N;N;95
1765789;N;N;85
1765811;N;N;97
1765827;N;N;101
1765827;USA;(unrated version);102
1766407;N;N;104
1766427;N;N;88
1766668;N;N;89
1766849;N;N;100
1766849;Turkey;(TV version);93
1767110;N;N;102
1767110;USA;(director's cut);108
1767151;N;N;114
1767537;N;N;101
1768211;N;N;91
1768211;Spain;N;96
1768389;N;N;132
1768698;N;N;104
1768698;N;(extended edition);130
1769145;N;N;90
1769408;N;N;93
1769516;N;N;73
1769766;N;N;98
1769840;N;N;107
1770285;N;N;99
1770807;N;N;99
1771528;N;N;89
1771672;USA;N;92
1771673;N;N;92
1771673;UK;(video);89
1772092;N;N;88
1772092;Argentina;N;95
1772092;Germany;N;91
1772497;N;N;105
1772500;N;N;110
1772651;N;N;120
1772934;N;(director's cut);280
1772934;Argentina;N;179
1772934;Germany;N;179
1772934;Spain;N;179
1772934;Sweden;N;158
1772934;USA;N;158
1773358;N;N;139
1773358;Argentina;N;119
1773436;N;N;82
1773944;N;N;88
1774349;N;N;89
1775245;N;N;87
1775382;N;N;75
1775747;N;N;106
1775854;N;N;85
1776052;N;N;120
1776052;Germany;(cut version);110
1776063;N;N;117
1776173;N;N;100
1776338;N;N;93
1776407;N;N;112
1776556;N;N;93
1776732;N;N;107
1776893;N;N;95
1777297;N;N;106
1777374;N;N;103
1777932;N;N;92
1778025;N;N;67
1778025;USA;(edited version);58
1778258;N;(director's cut);96
1778258;N;N;99
1778411;N;N;101
1778413;N;N;103
1778413;Argentina;N;108
1778413;USA;N;106
1778514;N;(TCM print);94
1778514;N;N;98
1778536;N;N;87
1778697;N;N;92
1778699;N;N;90
1778699;Germany;(cut version);71
1779176;N;N;121
1779201;N;N;111
1779349;N;N;108
1779361;N;N;114
1779474;N;N;102
1779528;N;N;90
1779735;N;N;101
1779757;N;N;93
1779835;N;N;120
1779868;N;N;83
1779914;N;(DVD);70
1779914;N;(copyright length);72
1780022;N;N;123
1780595;N;N;102
1780992;N;N;106
1780992;Argentina;(Mar del Plata Film Festival);106
1780992;Germany;(cut version);103
1781241;N;N;113
1781241;Argentina;N;113
1781274;N;N;88
1781295;N;N;106
1781295;USA;(R-rated version);103
1781295;USA;(unrated version);106
1781303;N;N;87
1781518;N;N;110
1781597;N;N;120
1781603;N;N;73
1783029;N;N;112
1783282;N;N;155
1783500;N;N;117
1783641;Australia;N;95
1783641;Germany;N;93
1783641;Japan;N;95
1783685;N;N;79
1783892;N;N;87
1783892;Germany;(cut version);72
1784129;N;N;105
1784206;N;N;97
1784206;Germany;N;85
1784206;USA;N;95
1784275;N;N;103
1784416;N;N;88
1784877;N;N;91
1784877;Argentina;N;95
1785170;N;N;108
1785170;USA;(unrated version);109
1785251;N;N;180
1785251;N;(original cut);330
1785251;USA;(director's cut);190
1785265;N;N;147
1785265;Sweden;N;120
1785529;N;N;97
1785529;Turkey;(TV version);85
1785755;N;N;107
1786099;N;N;86
1786124;N;N;118
1786136;N;N;74
1786142;N;N;91
1786183;N;N;94
1786236;N;N;115
1786413;N;N;101
1786413;Sweden;(VHS version);88
1786413;West Germany;(cut version);83
1786566;N;N;104
1786566;Argentina;N;99
1786566;Finland;(cut version) (1992) (1993);92
1786566;Germany;(FSK 16 version);80
1786566;Germany;N;94
1786566;South Korea;(heavily cut);85
1786566;Spain;(DVD edition);99
1786566;USA;(R-rated version);85
1786566;USA;(unrated version);97
1786921;N;N;107
1787090;N;N;177
1787149;N;N;132
1787149;N;(director's cut);142
1787149;N;(theatrical version);142
1787149;USA;(edited version);94
1787428;N;N;40
1787511;N;N;115
1787525;N;N;110
1787603;N;N;101
1787911;N;N;159
1787911;USA;(director's cut);153
1788154;N;N;90
1788165;N;N;100
1788314;N;N;93
1788621;N;N;89
1788624;N;N;75
1788628;N;N;96
1788636;N;N;69
1788817;N;N;86
1789015;N;N;108
1789145;N;N;98
1789259;N;N;121
1789269;N;N;102
1789269;West Germany;N;94
1789511;USA;N;61
1789692;N;N;133
1789747;N;N;110
1789910;N;N;100
1790007;N;N;108
1790082;N;N;92
1790311;N;N;90
1790523;N;N;116
1790523;Argentina;N;119
1790530;N;(17 fps) (Blu-ray);72
1790530;N;N;75
1790530;Argentina;N;80
1790530;Spain;(DVD edition);68
1790530;Spain;N;70
1790530;Spain;N;77
1790530;USA;N;66
1790753;Sweden;N;109
1790753;USA;N;103
1790780;N;N;115
1790984;N;N;102
1791085;N;N;104
1792102;N;N;102
1792218;N;N;83
1792218;Argentina;N;90
1792281;N;N;83
1792349;N;N;84
1792349;Argentina;N;90
1792363;N;N;105
1792523;N;N;105
1792625;N;N;110
1792713;N;N;86
1793297;N;N;108
1793433;N;N;84
1793451;N;N;98
1793604;N;N;108
1794215;N;N;102
1794255;N;N;103
1794772;N;N;116
1795157;N;N;90
1795427;N;N;94
1795631;N;N;85
1795698;N;N;110
1795997;N;N;88
1796704;N;N;106
1796731;Sweden;N;104
1796731;UK;N;105
1797310;N;N;106
1797365;N;(international version);165
1797365;Finland;(1970);137
1797365;Italy;N;175
1797386;N;N;95
1797386;USA;(edited version);92
1798275;N;N;124
1798372;N;N;80
1798632;N;N;98
1799339;N;N;90
1799603;N;N;51
1801311;N;N;100
1801311;Argentina;N;101
1801574;N;N;91
1801936;N;N;101
1802055;N;N;99
1802058;N;N;93
1802287;N;N;93
1802287;South Korea;(heavily cut);85
1802287;UK;(heavily cut);86
1802676;N;N;105
1802677;N;N;128
1803115;N;N;117
1803357;N;N;100
1803905;N;N;87
1803921;N;N;100
1804232;N;N;144
1804427;N;N;152
1804484;N;N;91
1804630;N;N;98
1804779;N;N;103
1804898;N;N;78
1804898;N;(original version);91
1804898;USA;(director's cut);84
1804923;N;N;83
1804924;N;N;83
1804925;N;N;85
1804947;N;N;100
1805163;N;N;89
1805225;N;N;98
1805246;N;N;109
1805273;N;N;121
1805799;N;N;102
1805799;West Germany;(cut version);82
1806151;N;N;178
1806217;N;N;100
1806794;N;N;97
1806845;N;N;118
1806896;N;N;108
1806914;N;N;94
1806940;N;N;2
1807303;N;N;119
1807444;N;N;75
1807562;N;N;110
1807604;N;N;97
1807863;N;N;110
1808298;N;N;87
1808524;N;N;113
1808524;Argentina;N;113
1808813;N;N;91
1809047;N;N;115
1809149;N;N;113
1809149;Canada;N;115
1809149;Finland;N;110
1809149;Germany;N;108
1809149;Netherlands;N;108
1809197;N;N;112
1809431;N;N;105
1809724;N;N;122
1809864;N;N;91
1809984;N;N;107
1809998;Sweden;N;96
1809998;USA;N;98
1810092;Germany;N;92
1810092;USA;N;95
1810470;N;N;86
1810470;UK;(theatrical version) (2012);106
1811382;N;N;104
1811626;N;N;113
1811722;N;N;124
1812202;N;N;75
1812202;USA;(Encore print);90
1812255;N;N;94
1812339;N;N;87
1812450;N;N;102
1812490;N;N;113
1813663;N;N;83
1815267;N;N;84
1815901;N;N;87
1815914;N;N;84
1815915;N;N;90
1816153;N;N;119
1816171;N;N;92
1816175;N;N;92
1816176;N;N;92
1816182;N;N;90
1816238;N;N;101
1816379;N;N;102
1816691;N;N;130
1816742;N;N;99
1817535;N;N;90
1817898;N;N;77
1817898;USA;(original release);95
1818342;N;N;110
1818562;N;N;97
1819155;N;N;96
1819411;N;(international version);102
1819411;Hong Kong;N;98
1819870;N;N;207
1819870;USA;(second release);100
1819870;USA;(first release);108
1819870;USA;(1966 re-issue);204
1820147;N;N;97
1820288;N;N;123
1820400;N;N;74
1821008;N;N;103
1821229;N;N;95
1821599;N;N;119
1821619;N;N;106
1821739;N;N;111
1821769;N;N;87
1821807;N;N;116
1821852;N;N;114
1821917;N;N;97
1822415;Netherlands;N;108
1822415;USA;N;108
1822607;N;N;98
1822639;N;N;84
1822675;N;N;85
1822675;Japan;N;96
1822675;Sweden;(TV version);76
1823008;N;N;104
1823101;N;N;107
1823223;N;N;141
1823361;N;N;92
1823361;Turkey;(TV version);87
1823361;USA;(extended version);102
1823486;N;N;112
1823740;N;N;128
1823740;Argentina;N;129
1823753;N;N;96
1823865;N;(special edition);132
1823865;N;(original version);135
1823865;N;(director's cut);137
1824605;Brazil;N;94
1824615;N;N;94
1824615;Sweden;N;97
1824623;N;N;97
1824685;N;N;90
1824923;N;N;128
1824929;N;N;70
1824929;N;N;75
1825343;N;N;117
1825348;N;N;116
1825348;UK;N;115
1826286;N;N;92
1826962;N;N;79
1827008;N;N;121
1827008;Argentina;N;133
1827008;USA;(director's cut);140
1827432;N;N;113
1827432;Belgium;(video version);104
1827800;N;(FMC Library Print);133
1827800;N;N;138
1828055;Germany;N;126
1828055;USA;N;115
1828413;N;N;110
1828447;N;N;127
1828716;N;N;88
1829030;N;N;77
1829152;N;N;98
1829152;Argentina;N;108
1829152;Australia;N;106
1829152;Spain;N;83
1829152;USA;(unrated version);108
1829153;Germany;(video);106
1829153;Netherlands;N;101
1829153;USA;N;107
1829283;N;N;105
1829283;Mexico;(R Rated NTSC Version);113
1829882;N;N;115
1829882;USA;(extended version);123
1830096;N;N;129
1830116;N;N;85
1830497;N;N;83
1830531;N;N;90
1830564;N;N;88
1831084;N;N;109
1831363;N;N;88
1831593;N;N;135
1831790;N;N;150
1831904;N;N;112
1832668;N;N;93
1832720;N;N;118
1832832;N;N;126
1832852;N;N;98
1832872;N;N;91
1832956;N;N;104
1832956;N;(extended director's cut);120
1832956;USA;(director's cut);116
1833143;N;N;93
1833175;N;N;123
1833995;N;N;115
1834154;N;N;80
1834266;Argentina;N;102
1834266;Spain;N;103
1834266;USA;N;100
1834423;N;N;77
1834632;N;N;124
1835117;N;N;105
1835175;N;N;118
1835175;USA;(dvd release) (IFC library print);107
1835296;N;N;128
1835442;N;N;117
1835618;N;N;108
1836147;N;N;100
1836147;N;(director's cut);107
1836375;N;N;132
1836516;N;N;100
1836516;N;(R-rated version);90
1836984;N;N;111
1837319;N;N;76
1837323;N;N;5
1837340;N;N;79
1837467;N;N;120
1837467;USA;(approx.) (Original Workprint);130
1837469;N;N;92
1837469;UK;(UK video version);85
1837764;N;N;100
1837764;Spain;N;98
1837962;N;N;104
1837991;N;N;105
1837991;Germany;N;100
1838160;N;N;116
1838160;USA;(extended version);123
1838360;N;N;107
1838411;N;N;127
1838411;Germany;(DVD version);123
1838481;N;(DVD);93
1838481;N;N;97
1838568;N;N;94
1838619;N;N;115
1838773;N;N;132
1838773;USA;N;119
1838850;N;N;86
1839137;N;N;94
1839137;Argentina;N;94
1839137;Poland;N;91
1839311;N;N;97
1839442;N;N;119
1839754;N;N;106
1840524;N;N;90
1840882;N;N;93
1841896;N;N;88
1842301;N;N;74
1842580;N;N;109
1842584;N;N;124
1843039;N;N;137
1843756;N;N;106
1843757;N;N;104
1844312;N;N;125
1844854;N;N;80
1844997;N;N;93
1845075;UK;N;138
1846390;N;N;107
1846990;N;N;126
1847035;Taiwan;N;98
1847048;N;N;140
1847051;N;N;97
1847080;(None);(DVD special edition);236
1847080;N;N;181
1847080;USA;(extended version);224
1847080;USA;(director's cut);236
1847235;N;N;95
1847595;N;N;111
1847692;N;(Unrated Director's Cut);108
1847699;N;N;95
1847722;N;N;119
1847739;N;N;99
1848628;N;N;108
1848859;N;N;93
1849147;N;N;100
1849147;N;(director's cut);111
1849156;N;N;94
1849156;UK;N;90
1850182;N;N;149
1850182;N;(director's cut);209
1851750;N;N;86
1851871;Argentina;N;115
1851871;Germany;N;115
1851871;UK;N;116
1852854;N;N;105
1852976;N;N;71
1853052;UK;N;112
1853104;N;N;110
1853531;N;N;93
1853531;USA;(TV version) (3 parts);150
1854045;N;N;114
1854142;N;N;94
1854166;N;N;107
1854233;N;N;102
1854918;Argentina;N;106
1854918;Germany;N;98
1854918;UK;N;105
1854918;USA;N;102
1856252;N;N;107
1856325;N;N;96
1856325;Turkey;(TV version);83
1856595;N;N;121
1856595;Argentina;N;120
1856595;Australia;N;115
1856608;N;N;122
1856613;N;N;96
1856672;N;N;88
1856727;N;N;128
1856731;N;N;119
1856763;N;N;116
1856939;N;N;91
1857326;N;N;91
1857496;N;N;93
1857769;N;N;112
1857796;N;N;82
1858038;N;N;104
1858357;N;N;93
1858361;N;N;92
1858362;N;N;99
1858362;Finland;(cut version);91
1858362;Norway;N;94
1858363;N;N;88
1858363;Greece;(uncut version);95
1858364;N;N;95
1858396;N;N;103
1858463;N;N;109
1859092;N;N;106
1859092;Germany;(TV version);93
1859351;N;N;96
1859542;N;N;105
1859617;N;N;120
1859753;N;N;106
1859753;Germany;N;97
1860181;N;N;112
1860327;N;N;92
1860806;N;N;99
1861004;N;N;110
1861112;N;N;105
1861202;N;(uncut);102
1861202;N;(edited version);99
1861514;N;N;115
1862412;N;N;80
1864055;N;N;128
1864846;N;N;130
1866000;N;N;118
1866391;N;N;93
1866400;N;(cut);108
1866400;N;N;124
1866400;UK;N;106
1866400;USA;(TCM print);107
1866400;USA;(English version);94
1867752;N;N;86
1868310;N;N;105
1868312;N;N;90
1868452;N;N;97
1868890;N;N;104
1869010;N;N;100
1869092;N;N;104
1869304;N;N;92
1869461;N;N;102
1869771;N;N;96
1870038;N;N;104
1870132;N;N;106
1870151;N;N;95
1870221;N;N;88
1870751;USA;N;77
1870798;N;N;102
1871727;N;N;107
1871833;N;N;105
1871833;Portugal;N;88
1872091;N;N;91
1872587;N;N;94
1872662;Argentina;N;101
1872662;Finland;N;101
1872662;Germany;N;101
1872662;USA;N;105
1873263;N;N;142
1873263;Germany;(director's cut);162
1874279;N;N;131
1874284;N;N;124
1874295;N;N;131
1875013;N;N;180
1875764;N;N;108
1875962;N;N;95
1875962;Argentina;(Mar del Plata Film Festival);95
1876090;N;N;55
1876090;N;N;81
1876090;USA;N;130
1878227;N;N;93
1878537;N;N;97
1878537;USA;N;92
1878658;N;N;1
1878669;UK;N;88
1878669;USA;N;82
1879298;N;N;110
1879358;N;N;109
1879599;N;N;82
1879793;N;N;111
1879793;N;(extended version);124
1879793;Australia;N;96
1879793;Taiwan;N;141
1879793;USA;(R-rated version);104
1880202;USA;N;100
1880648;N;N;82
1880846;N;N;128
1881802;N;N;84
1881868;France;N;117
1881868;USA;N;123
1883153;N;N;120
1883527;N;(FMC Library Print);145
1883527;N;N;152
1883528;N;N;85
1883660;N;N;197
1883660;UK;(1999 re-release);192
1883660;UK;N;193
1883660;UK;(1992 re-release);200
1883995;N;N;125
1883995;Finland;(1975);131
1884087;N;N;91
1884286;N;N;130
1885039;N;N;132
1885177;France;(DVD version);136
1885177;Yugoslavia;(extended version);270
1885734;N;N;97
1886005;N;N;89
1886005;N;(2005 unrated);94
1886830;N;N;90
1886830;Canada;N;94
1886830;Netherlands;N;94
1887066;N;N;127
1887066;N;(extended cut);147
1888102;N;N;108
1888780;N;N;87
1888811;N;N;107
1888811;Argentina;N;110
1888811;Canada;(Ontario);90
1888823;N;N;105
1889009;N;N;93
1889253;N;N;77
1889491;N;N;92
1889579;N;N;107
1889621;N;N;112
1889788;N;N;91
1889850;N;(theatrical version) (2012);106
1889850;N;N;80
1889850;USA;N;74
1890357;N;N;110
1890437;N;N;95
1890515;N;(corrected release length);75
1890516;N;N;82
1890522;N;N;128
1890588;N;N;88
1890829;N;N;103
1891484;N;N;57
1891605;N;N;90
1891649;N;N;97
1891803;N;N;92
1892010;N;N;99
1892794;N;N;91
1892991;N;N;99
1893207;N;N;103
1893210;N;N;97
1893245;N;N;101
1893343;N;N;96
1893483;N;N;102
1893657;N;N;90
1894338;N;N;68
1894453;N;N;77
1894619;USA;N;129
1894619;USA;(roadshow version);144
1894619;West Germany;N;138
1894753;N;N;112
1895102;N;N;107
1895102;USA;(unrated version);113
1895159;N;N;64
1895286;N;N;137
1895286;N;(extended cut);177
1895286;N;(Extended Edition);314
1895286;USA;(special edition);190
1895298;N;N;100
1895298;N;(Redux version);93
1895425;N;N;88
1895463;N;N;96
1895463;France;N;96
1895463;Germany;N;96
1895463;Hong Kong;N;97
1896345;N;N;111
1896980;N;N;117
1897539;N;N;132
1897539;Argentina;N;128
1897539;Sweden;N;118
1897539;USA;N;128
1897778;N;N;115
1897778;USA;(extended version);120
1898323;N;N;83
1898372;N;N;123
1898372;Canada;(Ontario);121
1898372;USA;(TV version);160
1898449;N;N;96
1898539;N;N;115
1898779;N;N;95
1898814;N;N;95
1898834;N;N;80
1898834;N;(Hypercube restored version);89
1898971;N;N;91
1898971;UK;N;87
1899474;N;N;102
1899694;N;N;94
1899730;N;N;127
1899741;N;N;88
1899769;N;N;100
1899880;France;N;13
1900069;N;N;99
1900069;Australia;N;103
1900319;N;N;122
1900465;N;N;105
1901554;N;N;92
1903954;N;N;140
1904083;N;N;88
1904548;N;N;151
1904548;Argentina;N;147
1904704;N;N;100
1904704;Argentina;N;108
1906242;N;N;103
1906242;USA;N;99
1907821;N;N;81
1910848;N;N;103
1911817;N;N;124
1912439;N;N;86
1913354;N;N;121
1913354;Canada;(Ontario);94
1913703;N;N;90
1913703;USA;(special extended edition);107
1914108;France;N;89
1914108;Germany;N;88
1914108;USA;N;84
1914192;N;N;90
1915247;N;N;95
1915291;N;N;88
1915498;N;N;121
1915861;N;N;83
1915987;N;N;132
1915987;USA;(extended version);140
1916996;Canada;N;110
1916996;USA;(Encore-True Stories Library print);112
1917129;N;N;113
1918307;N;N;115
1918312;N;N;85
1918615;N;N;131
1919846;N;N;101
1919853;N;N;99
1919898;N;N;98
1919947;N;N;97
1920973;N;N;121
1921463;N;N;95
1921463;USA;N;90
1922080;UK;N;102
1922571;N;N;95
1923001;N;N;109
1923072;USA;(DVD);95
1923165;N;N;96
1923244;N;N;121
1923287;N;N;44
1923531;N;N;15
1923821;N;N;101
1923955;N;N;110
1923981;N;N;88
1924384;N;N;135
1924700;N;N;140
1924700;USA;(edited version);119
1924755;N;N;101
1924959;N;N;133
1925337;N;N;113
1925449;N;N;118
1925477;N;N;103
1925610;USA;N;80
1926507;N;N;118
1926668;N;N;89
1926854;N;N;101
1926866;N;N;109
1927003;N;N;159
1927021;N;N;104
1927338;N;N;109
1927339;N;N;108
1927950;N;N;138
1928609;N;N;91
1928755;N;N;99
1928940;N;N;91
1929146;N;N;89
1929151;N;N;93
1929205;N;N;88
1929205;Argentina;N;103
1929262;N;N;124
1929431;N;N;113
1929514;N;N;103
1930227;N;N;120
1930572;N;N;91
1930730;N;N;188
1930730;Sweden;(director's cut);312
1930793;USA;(VHS version);118
1930793;USA;(restored roadshow version);124
1930793;USA;(original release);125
1930793;USA;(cut version);80
1930810;USA;N;74
1930942;N;N;100
1931213;N;N;140
1931235;N;N;81
1931489;N;N;98
1931497;N;N;111
1931607;N;N;97
1932160;N;N;90
1932207;N;N;80
1932235;N;N;83
1932389;N;N;119
1932393;N;N;104
1932451;N;N;91
1932817;N;N;92
1932819;N;N;106
1932958;N;N;98
1933191;N;N;97
1933254;N;N;82
1933254;USA;(extended version);89
1933459;N;N;97
1933552;N;N;118
1933599;N;N;88
1933633;N;N;122
1933702;N;N;116
1933830;N;N;97
1934075;N;N;99
1934260;N;N;106
1934260;USA;N;80
1934260;USA;(DVD version);92
1934406;N;N;116
1934787;N;N;119
1935106;N;N;130
1935106;Argentina;N;132
1935106;Sweden;N;115
1935106;UK;N;127
1935417;N;N;103
1935619;N;N;105
1936069;N;N;102
1936394;N;N;107
1936478;N;N;93
1936800;N;N;139
1938005;N;N;112
1938142;N;N;98
1938743;N;N;95
1939369;N;N;105
1939525;N;N;72
1939666;N;N;103
1939754;N;N;114
1939754;Germany;N;101
1939762;N;N;89
1939775;N;N;104
1939900;N;N;93
1940096;N;N;101
1940121;N;N;134
1940174;N;N;94
1941011;N;N;158
1941100;N;N;98
1941271;USA;N;82
1941902;N;N;95
1942017;N;N;115
1942017;Finland;N;110
1942058;N;N;112
1942083;N;N;98
1942083;USA;(original cut);105
1942223;N;N;126
1942223;Germany;(TV version);116
1942296;N;N;98
1942299;N;N;95
1942625;N;N;90
1942758;N;N;95
1942787;N;N;85
1942828;N;N;92
1942898;N;N;90
1943470;N;N;93
1943470;Spain;(DVD edition);90
1943586;N;N;96
1943718;N;N;107
1943961;N;N;102
1943961;West Germany;N;90
1944510;N;N;69
1944862;N;N;84
1944905;N;N;109
1945150;N;N;107
1945248;N;N;80
1945371;N;N;84
1945579;N;N;137
1945589;N;N;96
1945700;N;N;115
1945816;N;N;170
1945816;USA;(re-release);134
1945816;USA;(restored version);168
1945816;West Germany;N;130
1945855;N;N;127
1946023;N;N;85
1946107;USA;N;120
1946327;N;N;98
1946379;N;N;118
1946379;N;(restored version);126
1946397;N;N;78
1946463;N;N;105
1946562;N;N;120
1946562;Spain;N;115
1946562;West Germany;(cut version) (uncut version: 120');98
1946595;N;N;90
1946833;N;N;102
1946963;N;N;101
1947355;N;N;142
1948277;N;N;98
1948340;N;N;117
1948561;N;N;102
1949144;N;N;140
1949444;N;N;89
1949502;N;N;70
1949508;N;N;123
1949526;N;N;74
1949624;N;N;101
1949624;Germany;N;100
1950286;N;N;95
1950466;N;N;89
1950466;USA;(original release);105
1950466;USA;(TV version);93
1950577;N;N;113
1950577;N;(extended version);121
1950688;N;N;112
1950689;N;N;95
1950690;N;N;86
1950946;N;N;110
1951003;N;N;110
1951003;Australia;N;97
1951003;France;N;102
1951003;USA;(cut version);102
1951279;N;N;111
1951390;N;N;116
1951397;N;N;118
1951417;N;N;108
1951428;N;N;114
1951931;N;N;91
1951931;N;(director's cut);97
1951984;N;N;95
1951988;N;N;87
1951989;N;N;95
1951989;Sweden;(2002 re-rating);91
1951990;N;N;88
1951991;N;N;100
1951993;N;N;92
1952001;N;N;91
1952001;USA;(uncut version);97
1952054;N;N;130
1952054;N;(extended version);137
1952201;Argentina;N;103
1952201;USA;N;103
1952386;N;N;106
1952391;N;N;104
1952490;Germany;N;88
1952676;N;N;108
1952847;N;N;108
1952923;N;N;118
1953106;N;N;115
1953354;(None);N;111
1953362;N;N;97
1953362;Japan;N;100
1955153;N;N;116
1955231;N;N;97
1955340;N;N;70
1955728;N;N;128
1955747;N;N;103
1955750;N;N;101
1957176;N;N;104
1957184;N;N;125
1957472;N;N;75
1957472;Japan;N;73
1958267;N;N;102
1959117;N;N;191
1959300;N;N;102
1960531;N;N;114
1960768;N;N;106
1961185;N;N;104
1962315;N;N;87
1963038;N;N;118
1963417;N;N;92
1963479;N;N;115
1963756;N;N;160
1963756;South Korea;N;144
1963794;N;N;115
1964069;N;N;82
1964073;N;N;112
1964073;West Germany;(cut version);103
1964074;N;N;102
1964200;N;N;78
1964209;N;N;108
1964242;N;N;105
1964339;N;N;120
1964467;N;N;91
1964503;N;N;109
1965214;N;N;127
1965236;N;N;105
1965261;N;N;116
1965516;N;N;108
1965632;N;N;130
1965850;N;N;201
1966241;N;(Turner library print) (copyright length);115
1966349;N;N;110
1966580;Hong Kong;N;107
1966580;USA;N;88
1966583;N;N;95
1966583;Spain;(DVD edition) (US version);87
1966583;USA;N;91
1967074;N;N;108
1967290;N;N;89
1967379;N;N;127
1967389;N;N;110
1967955;N;N;90
1968813;N;N;155
1968813;N;(Extended Edition);171
1969187;N;(cut);61
1969187;N;N;65
1969187;N;(DVD version);68
1969187;N;(1982 re-issue);74
1969187;Argentina;N;56
1969197;N;N;100
1969753;N;N;108
1969851;N;N;122
1969868;N;N;100
1970159;N;N;102
1970215;N;N;83
1970300;N;N;81
1970338;N;N;68
1970338;USA;(22 fps);76
1970505;N;N;90
1970696;N;N;85
1971093;N;N;105
1971149;N;N;139
1971464;N;N;126
1971706;N;N;96
1971706;West Germany;N;83
1971707;Germany;N;82
1971707;Japan;N;103
1971707;USA;N;87
1971712;N;N;99
1971712;Japan;N;107
1971929;N;N;94
1971929;New Zealand;N;91
1971929;USA;N;93
1972108;N;N;95
1972287;N;N;130
1972324;N;N;110
1972807;N;N;94
1972854;N;N;105
1972854;Spain;(DVD edition);93
1972884;N;(copyright length);226
1972884;N;N;238
1972884;Sweden;(1969 re-release);223
1972884;Sweden;(1985 re-release);234
1972884;UK;(1994 re-release);224
1972884;UK;(1989 re-release);233
1973432;N;N;121
1973625;N;N;126
1973808;N;N;102
1973922;N;N;146
1974272;USA;N;90
1974519;USA;N;125
1974724;N;N;87
1974984;N;N;100
1974984;Argentina;N;107
1974984;Canada;N;102
1974984;Germany;N;106
1975181;N;N;116
1975609;N;N;134
1975664;N;(Turner library print);112
1976109;N;N;97
1976319;N;N;10
1976454;N;N;89
1976610;N;N;110
1976612;N;N;115
1976643;N;N;91
1976643;Argentina;(Buenos Aires Festival Internacional de Cine Independiente);91
1976777;N;N;111
1977589;N;N;106
1977592;N;N;106
1977857;N;N;91
1978263;N;N;86
1978309;N;N;107
1978312;N;N;92
1978415;N;N;101
1978778;N;N;101
1978782;N;N;103
1979111;N;N;105
1979447;N;N;108
1979839;N;N;107
1979883;N;N;104
1980073;N;N;76
1980149;N;N;90
1980149;USA;(Director's Cut DVD);77
1980267;N;N;101
1980412;N;N;112
1980412;USA;N;111
1981072;N;N;91
1981170;N;N;150
1981170;N;(with overture and exit music);152
1981506;N;N;143
1982133;N;N;98
1982133;Portugal;N;93
1982903;N;N;107
1983455;N;N;92
1983617;N;N;96
1983617;USA;N;90
1983859;N;N;82
1984278;N;N;91
1984278;USA;(extended version);101
1984283;N;N;88
1984284;N;N;96
1984305;N;N;86
1984320;N;N;92
1984320;Sweden;(cut);90
1984323;N;N;98
1984372;N;N;88
1984372;USA;(producer's cut);96
1984593;N;N;94
1984763;N;N;155
1984785;N;N;130
1984792;N;(cut version);150
1984792;N;N;242
1984793;N;N;112
1985138;N;N;103
1985443;N;N;98
1985576;N;N;98
1985642;N;N;114
1985755;N;N;94
1985793;France;(DVD);117
1985793;USA;(Turner library print);134
1986482;N;N;134
1986845;N;N;92
1986848;N;N;97
1986848;USA;(2005 DVD release);95
1987126;N;N;98
1987387;N;N;92
1987547;N;(Nordisk Film DVD version FI SE NO DE);92
1987547;N;N;97
1987607;N;(Director's Cut);116
1987607;N;(Workprint Version);128
1987607;N;N;97
1987607;Germany;(cut version);73
1988142;N;N;80
1988142;West Germany;N;85
1988380;N;N;91
1988448;N;N;100
1988626;N;N;110
1988834;N;N;96
1988919;N;N;104
1989616;N;N;82
1989826;N;N;92
1989826;USA;(dvd version);84
1990705;N;N;136
1990862;N;N;79
1991064;N;N;92
1991115;N;N;104
1991269;USA;N;110
1991544;Argentina;N;113
1991544;Canada;N;113
1991544;Ireland;N;113
1991544;Spain;N;105
1991544;USA;N;104
1991646;N;N;100
1991707;N;N;104
1991951;N;N;130
1991969;N;N;108
1992100;N;N;112
1992217;N;N;170
1992315;N;N;103
1992335;N;N;140
1992344;Argentina;N;105
1992344;Canada;N;103
1992344;Spain;N;105
1992344;USA;N;103
1992374;N;N;101
1992459;N;N;96
1992459;Argentina;N;98
1992459;Japan;N;100
1992478;N;N;132
1992478;Canada;(Ontario);135
1992502;N;N;99
1992502;USA;(uncut version);108
1992538;N;N;105
1992600;N;N;86
1992600;USA;(premiere);90
1992682;USA;N;6
1992774;N;N;123
1992774;USA;(video);110
1993553;N;N;89
1993850;N;N;101
1993913;N;N;103
1994073;N;N;97
1994073;Germany;(TV version) (heavily cut);78
1994073;USA;(uncut version);99
1994073;West Germany;(theatrical version);88
1994279;N;N;97
1994414;N;N;94
1994414;Finland;(cut);86
1994414;Sweden;(cut version);89
1994418;Canada;N;93
1994418;USA;(cut);91
1994419;N;N;85
1994580;N;N;92
1995071;N;N;137
1995121;N;N;137
1995178;N;N;83
1995178;Australia;N;77
1995178;Italy;(edited for TV);75
1995178;Norway;N;78
1995178;Sweden;N;78
1995179;N;N;84
1996222;N;N;100
1996222;N;(TCM print);93
1996223;N;N;105
1996227;N;N;88
1996227;Argentina;N;90
1996227;Spain;(DVD edition);84
1996275;N;N;93
1996365;UK;N;63
1996365;USA;N;65
1996544;N;N;96
1996544;Germany;N;93
1998427;N;N;69
1998849;N;N;106
1998864;N;N;98
1999026;N;N;101
1999026;Colombia;N;87
1999095;N;N;113
1999210;N;N;85
1999241;N;N;105
1999308;N;N;86
1999581;N;N;127
1999623;N;N;116
1999623;USA;(theatrical version);110
1999628;N;N;99
1999634;N;N;87
1999634;Australia;N;88
1999634;USA;(producer's cut);101
1999986;N;N;121
2000130;N;N;86
2001271;N;N;92
2002121;N;N;121
2002500;N;N;92
2002500;Argentina;N;97
2003554;N;N;96
2003869;USA;N;97
2004240;N;N;100
2004435;N;N;112
2004435;USA;(director's cut);119
2004444;Argentina;N;102
2004444;UK;N;104
2004444;USA;N;104
2005166;N;N;114
2005202;N;N;115
2005242;N;N;97
2005280;N;N;105
2005459;N;N;103
2005467;N;N;120
2005469;N;N;102
2005550;N;N;91
2005656;N;N;102
2005831;N;N;103
2006016;N;N;102
2006320;N;N;89
2006322;N;N;84
2006660;N;N;89
2006702;N;N;93
2006796;N;N;96
2006907;N;N;91
2006992;N;N;92
2007256;N;N;130
2007295;N;N;98
2007295;Belgium;N;103
2007295;Netherlands;N;120
2007305;N;N;144
2007465;N;N;170
2007522;N;N;114
2007673;N;N;114
2008297;Spain;N;84
2008297;USA;N;88
2008297;USA;N;90
2009281;N;N;90
2009507;N;N;86
2010080;N;N;95
2010080;UK;N;96
2010080;USA;N;96
2010339;N;N;93
2010351;N;N;108
2010417;N;N;88
2010432;N;N;100
2010439;USA;N;94
2010442;N;N;100
2010567;N;N;67
2010591;N;N;71
2010811;N;N;75
2010812;N;N;93
2010812;Spain;N;99
2010861;N;N;113
2011220;N;N;118
2011327;Argentina;N;109
2011327;USA;N;109
2011538;N;N;124
2011835;N;N;93
2012189;N;N;109
2012308;N;N;93
2012468;N;N;110
2012474;N;N;140
2012514;N;N;91
2013009;Hong Kong;N;93
2013180;N;N;112
2013370;N;N;92
2013847;N;N;99
2014240;N;N;104
2014240;USA;N;87
2014240;USA;(DVD version);91
2014741;N;N;125
2014806;N;N;122
2014847;N;N;86
2014847;Spain;N;91
2014992;N;N;96
2015145;UK;N;79
2015664;N;N;84
2016321;N;N;99
2016321;UK;N;92
2016990;N;N;95
2017211;N;N;114
2017357;N;N;93
2017615;N;N;100
2017615;Germany;(cut version);99
2017696;N;N;104
2018026;N;N;123
2018109;N;N;86
2018119;N;N;88
2018220;Argentina;(Mar del Plata Film Festival);75
2018220;USA;(R-rated version);73
2018220;USA;(unrated version);74
2018491;N;N;82
2018562;N;N;103
2018570;Brazil;N;86
2018634;N;N;100
2019104;N;N;107
2019186;N;N;90
2019328;N;N;84
2019328;Finland;(1980);82
2019328;USA;(cut version);79
2019451;Australia;N;85
2019451;Italy;N;89
2019451;USA;N;92
2020617;N;N;92
2020780;N;N;86
2020812;N;N;115
2020856;USA;N;97
2021095;N;N;135
2021329;N;N;96
2021560;N;N;100
2023079;N;N;128
2023205;N;N;117
2023205;South Korea;(cut);110
2023228;N;N;92
2023565;N;N;92
2023565;Argentina;N;93
2023785;N;N;111
2024562;N;N;99
2024562;France;N;92
2024562;USA;N;96
2024833;N;N;161
2024833;N;(2003 extended English version);179
2024833;Finland;(1984) (cut version);142
2024833;France;(dubbed version);186
2024833;Spain;N;182
2025172;N;(international version) (first release);106
2025172;N;N;111
2025742;N;N;94
2026315;N;N;112
2026671;N;N;118
2026671;Argentina;N;116
2026671;Italy;N;115
2027057;N;N;88
2027057;Spain;N;83
2027469;N;N;101
2027949;N;N;101
2028072;N;N;103
2028079;N;N;119
2028238;N;N;96
2029309;N;N;121
2029381;N;N;111
2029975;N;N;90
2030303;N;N;100
2030427;N;N;96
2030641;N;N;113
2030843;N;N;88
2031233;N;N;98
2031233;Germany;N;89
2031463;N;N;95
2032104;N;N;91
2032173;N;N;99
2032270;N;N;97
2032626;N;N;109
2032743;N;N;128
2032743;Portugal;(TV version);138
2032839;N;N;95
2032879;N;N;133
2033355;N;N;144
2033355;USA;N;140
2033854;N;N;108
2034091;N;N;117
2034166;N;N;145
2034166;USA;(special edition);153
2034409;N;N;98
2034464;N;N;127
2034473;N;N;118
2034705;Argentina;(cut version);148
2034705;France;N;159
2034705;Spain;N;159
2034705;USA;(cut version);153
2035079;N;N;107
2035079;Germany;N;106
2035079;Sweden;(heavily cut);102
2035238;N;N;119
2035535;N;N;128
2037379;N;N;96
2037451;N;N;78
2037640;N;N;126
2037667;N;N;104
2038091;N;N;93
2038757;N;N;123
2038910;USA;N;105
2039701;N;N;80
2039774;N;N;110
2040205;N;N;100
2040205;Spain;N;97
2040689;N;N;147
2040763;N;N;117
2040764;Argentina;N;105
2040764;Brazil;N;105
2040764;USA;N;105
2040764;West Germany;N;100
2040765;N;N;96
2041945;N;N;95
2042409;N;N;79
2042414;N;N;80
2042417;N;N;81
2042450;N;N;71
2042462;N;N;101
2042532;N;N;105
2042532;West Germany;(cut TV version);65
2042748;N;N;101
2043167;N;N;110
2043588;N;N;130
2043588;Spain;(25 fps) (DVD edition);118
2043628;N;N;100
2044667;France;N;110
2044667;Sweden;N;112
2044913;N;N;189
2044913;USA;(director's cut);206
2044952;N;N;62
2044952;Colombia;N;55
2044952;France;N;58
2044952;Germany;N;54
2045231;N;N;110
2045245;N;N;113
2045328;N;N;101
2045876;N;N;154
2046051;N;N;23
2046161;N;N;95
2046161;USA;(director's cut);107
2046389;N;N;108
2046586;N;N;71
2046667;N;N;90
2046902;N;N;120
2047096;N;N;108
2047096;Canada;(Ontario);90
2047096;USA;N;98
2047331;N;N;79
2047593;N;N;83
2047641;N;N;112
2048384;N;N;86
2048413;Australia;N;120
2048413;UK;N;119
2048413;USA;N;119
2048413;USA;(unrated version);120
2048611;N;N;87
2048611;Argentina;N;96
2048611;Germany;N;78
2048619;N;N;124
2048619;USA;(TV version);130
2048622;N;N;116
2048624;N;N;99
2049321;N;N;120
2049438;N;N;98
2049438;Taiwan;N;94
2049438;USA;N;105
2049814;N;N;139
2049822;N;N;92
2050120;N;N;124
2050120;Argentina;N;125
2050380;N;N;108
2050380;N;(long version);116
2050532;N;N;139
2050561;N;N;107
2051069;N;N;107
2052306;N;N;112
2052559;N;N;162
2052620;N;N;89
2052620;USA;(director's cut);94
2053107;N;N;158
2053107;USA;N;148
2053384;N;N;104
2053384;Argentina;N;108
2053502;N;N;93
2053502;Argentina;(Mar del Plata Film Festival);93
2053508;N;N;80
2054459;Japan;N;103
2054459;USA;N;96
2054549;N;N;90
2054579;N;N;96
2054984;USA;N;116
2056719;N;N;123
2056719;Germany;(TV version);118
2056752;N;N;96
2056849;N;N;110
2056919;N;N;93
2057285;N;N;111
2057507;N;N;105
2057709;N;N;101
2057709;N;N;94
2057859;N;N;104
2057973;N;N;100
2057973;West Germany;N;105
2058247;N;N;105
2058289;N;N;132
2058442;N;N;109
2058644;N;N;87
2058680;N;N;127
2058733;N;N;88
2058950;N;N;102
2059661;UK;N;11
2061440;N;N;180
2061440;Argentina;N;162
2061440;USA;N;162
2062622;N;N;117
2062622;USA;(unrated version);118
2062958;N;N;117
2062958;Germany;N;114
2062958;UK;N;114
2062958;USA;N;114
2064107;N;N;116
2064709;N;N;122
2065922;N;N;139
2065922;Germany;(2 parts);175
2066931;N;N;99
2067104;N;N;93
2067595;N;N;101
2067764;N;N;128
2068023;N;N;104
2068316;N;N;144
2069192;N;N;100
2069265;N;N;113
2069265;USA;(unrated version);116
2069717;N;N;86
2070201;N;N;87
2070230;N;N;96
2070468;N;N;97
2070548;N;N;91
2070614;N;N;89
2070622;N;N;87
2070627;N;N;89
2070880;N;N;114
2071313;N;N;95
2071566;N;N;67
2071566;Japan;N;43
2071578;N;N;91
2071800;N;N;96
2071800;France;(director's cut);99
2071915;N;N;113
2072443;N;N;116
2072508;N;N;100
2072508;N;(restored version);104
2072510;N;N;134
2072510;USA;(2 part television premiere version);180
2072519;N;N;105
2072728;N;N;103
2072804;N;N;103
2073054;N;N;113
2073054;USA;(R-rated version);117
2073156;N;N;99
2073156;Argentina;N;91
2073156;Germany;N;82
2073156;Japan;N;98
2073156;USA;N;91
2073938;N;N;86
2074015;N;N;101
2074067;N;N;115
2074106;N;N;78
2074106;Canada;(Ontario);88
2074187;USA;N;93
2074632;N;N;118
2074632;USA;N;113
2075122;N;N;114
2075324;N;N;145
2075324;Finland;(TV) (1988);115
2075324;Finland;(video release);141
2075324;Germany;N;102
2075452;N;N;91
2075554;N;N;73
2076744;N;N;105
2076744;N;(director's cut);111
2077306;N;N;90
2077306;Argentina;N;94
2077306;Canada;(Ontario);75
2077306;Canada;(Qu√©bec);82
2077306;USA;N;76
2078652;N;N;86
2078857;N;N;105
2079361;N;N;94
2079616;N;N;78
2080444;N;N;95
2080719;N;N;134
2081397;N;N;95
2082589;N;N;102
2082589;Germany;N;95
2082758;N;N;83
2084764;N;N;94
2085383;N;N;100
2085434;N;N;122
2086876;USA;N;110
2087502;N;N;113
2087693;Argentina;N;105
2087693;France;N;110
2087693;Germany;(cut);98
2087693;Spain;N;105
2088076;N;N;138
2088141;N;N;95
2088412;N;N;108
2091188;N;N;100
2091255;N;N;112
2091405;N;N;89
2092032;N;N;112
2092629;N;N;98
2093179;Argentina;N;100
2093179;France;N;101
2093179;Poland;N;88
2093616;N;N;90
2093616;Argentina;(Mar del Plata Film Festival);96
2093617;N;N;90
2093759;N;N;103
2094426;N;N;130
2094455;N;N;114
2094455;N;(1937 release);94
2094455;Germany;N;107
2094683;N;N;100
2094747;N;N;98
2094854;N;N;112
2095261;N;N;126
2095261;Argentina;N;121
2095261;Spain;N;115
2095261;UK;N;114
2095261;USA;N;114
2095261;West Germany;N;105
2095288;N;(international version);125
2095288;N;N;165
2095320;N;N;96
2096283;N;N;87
2096794;N;N;104
2096850;Australia;N;86
2096850;Germany;N;85
2097603;N;N;100
2097603;USA;N;82
2097722;N;N;103
2097722;Netherlands;N;85
2098630;N;N;72
2099040;Argentina;N;92
2099040;Belgium;N;90
2099040;Sweden;N;94
2099471;N;N;162
2099471;France;N;159
2099471;Germany;(video version);139
2099471;Germany;N;174
2099471;USA;N;144
2100174;France;N;92
2100174;Germany;N;93
2100174;Spain;N;96
2100174;Sweden;N;95
2100174;UK;N;92
2100174;USA;N;92
2100901;N;N;110
2100901;Germany;N;95
2100911;N;N;88
2102238;N;N;80
2102238;Germany;N;87
2102302;N;N;113
2102312;N;N;85
2102344;Germany;N;90
2102344;USA;N;95
2102540;N;N;116
2102540;Italy;(first release);122
2103144;N;N;101
2103526;N;N;93
2103526;Spain;(DVD edition);80
2103526;West Germany;N;88
2103866;N;N;76
2103908;N;N;91
2103955;N;N;101
2103975;N;N;121
2104410;N;N;82
2104759;N;N;116
2105754;N;N;93
2106723;USA;N;91
2106899;N;N;94
2106940;N;N;130
2107118;N;N;103
2107343;N;N;101
2107404;UK;N;10
2107497;N;N;84
2107634;N;N;108
2107847;N;N;128
2107847;Germany;(cut version);92
2107847;Taiwan;N;131
2107892;N;N;107
2108364;N;N;91
2108654;N;N;88
2109065;N;N;101
2109077;N;N;92
2109093;N;N;216
2109093;UK;(1970 re-release);187
2109093;UK;(original version);210
2109093;UK;(premiere version);222
2109093;UK;(director's cut);228
2109093;USA;(restored roadshow version);227
2110112;France;N;79
2110128;N;N;106
2110973;N;N;110
2111069;N;N;100
2111847;N;N;80
2111847;Turkey;(TV version);75
2111960;N;N;108
2112240;N;N;102
2112346;N;(director's cut);168
2112346;France;(original cut);132
2112346;USA;(edited version);118
2112512;N;N;118
2112515;N;N;135
2112515;Argentina;N;134
2112515;Germany;N;136
2112515;USA;N;118
2113512;N;N;103
2113512;Finland;N;97
2113512;Italy;(re-edited version) (cut);82
2113512;USA;N;102
2113531;Belgium;N;100
2113531;Japan;N;102
2113531;USA;N;101
2113595;N;N;110
2113595;USA;(restored version);117
2114355;N;N;118
2114355;USA;(TV version : 1984);107
2114635;N;N;122
2114635;Argentina;N;120
2115171;N;N;91
2115171;Argentina;N;94
2115171;USA;N;88
2115628;Argentina;N;158
2115628;Canada;N;162
2115628;France;N;169
2115628;Taiwan;N;158
2115628;UK;N;162
2116072;N;N;130
2116072;France;N;140
2116658;N;N;85
2116708;Australia;N;80
2116708;France;N;75
2116708;Sweden;N;73
2116708;USA;(R-rated version);81
2116708;USA;(unrated version);85
2116736;N;N;84
2116855;N;N;111
2117546;N;N;93
2117637;N;N;94
2117637;USA;(director's cut);114
2117637;USA;N;89
2117637;USA;(theatrical version);89
2117874;N;N;133
2119117;N;N;107
2119264;N;N;134
2119264;Argentina;N;132
2119409;N;N;96
2119425;N;N;125
2120136;France;N;94
2120136;Japan;N;94
2120136;Netherlands;N;94
2120136;UK;N;93
2120569;France;N;190
2120569;USA;(edited);163
2121501;N;N;78
2121565;N;N;175
2121785;N;N;126
2121889;N;N;91
2122177;N;N;99
2122177;Spain;N;92
2122231;N;N;94
2122271;N;N;110
2122271;UK;N;115
2122764;N;N;107
2122788;N;N;117
2123712;N;N;75
2124042;N;N;102
2124260;N;N;82
2124355;N;N;110
2124355;Germany;(cut version);108
2124355;USA;(director's cut);117
2124357;N;N;114
2124357;Germany;(cut version);108
2124357;USA;(director's cut);118
2124358;N;N;118
2124358;USA;(director's cut);121
2124359;N;N;127
2125443;N;N;86
2125639;N;N;127
2125639;Germany;N;122
2125784;N;N;133
2126243;N;N;88
2126772;N;N;92
2127239;N;N;94
2127402;N;N;91
2127563;N;N;97
2127575;N;N;116
2127575;USA;(edited version);101
2127843;N;N;99
2127886;Australia;N;47
2127926;N;N;107
2128046;N;N;98
2128569;N;N;94
2128569;Poland;N;91
2128890;N;N;126
2128957;N;N;137
2128957;UK;(London premiere);147
2128957;USA;(initial release);141
2130340;N;N;119
2130342;N;N;139
2130342;USA;(copyright length);147
2130419;N;N;99
2130419;Argentina;N;105
2130468;N;N;123
2130468;Australia;N;141
2130504;Argentina;N;93
2130504;Brazil;N;90
2130504;USA;N;90
2130832;N;N;102
2130889;USA;N;98
2131017;N;N;85
2131017;Japan;(Japanese DVD box-set);94
2131031;N;N;98
2131225;N;(original version);102
2131225;N;N;94
2131334;N;N;97
2131430;N;N;115
2131675;N;N;95
2131729;N;N;121
2132235;N;N;100
2132235;Argentina;N;103
2132367;N;N;90
2133245;New Zealand;N;108
2133245;USA;N;96
2133276;N;N;84
2133416;N;N;111
2133500;N;N;107
2133500;N;(director's cut);120
2133798;N;N;119
2134027;N;N;81
2134027;USA;N;80
2134055;N;N;152
2134058;N;N;137
2134388;N;N;135
2134453;N;N;107
2134924;N;N;88
2134924;Germany;N;87
2134924;Hong Kong;N;97
2134924;Spain;(25 fps) (DVD edition);94
2134924;UK;(25 fps) (restored version);94
2134924;USA;N;86
2135675;N;N;112
2135675;USA;N;111
2136104;N;N;109
2136104;Australia;N;104
2136104;Germany;(director's cut);119
2136104;USA;(director's cut);120
2136125;N;N;92
2136535;N;N;112
2136535;Brazil;N;104
2137901;N;N;84
2137905;N;N;98
2137905;Finland;N;92
2137970;N;N;111
2138292;N;N;134
2138299;N;(original version);132
2138299;N;(restored version);132
2138299;USA;(general release version);118
2138299;USA;(TV version);95
2138299;West Germany;N;97
2138727;N;N;130
2139026;N;N;87
2139396;N;N;124
2139407;N;N;100
2139438;N;N;82
2139438;Germany;(25 fps) (TV version);75
2139545;N;N;108
2139928;Netherlands;N;120
2139928;USA;N;120
2140029;N;N;102
2140049;N;N;90
2140074;N;N;104
2140461;N;N;101
2140530;N;N;94
2140712;N;N;95
2140806;N;N;85
2140811;N;N;93
2140922;N;N;76
2140922;USA;N;78
2140999;N;N;101
2141139;N;N;75
2141230;N;N;130
2141230;Spain;(cut version);125
2141393;N;N;108
2141461;N;N;93
2141703;N;N;105
2141961;N;N;82
2142487;N;N;100
2142714;N;N;115
2143749;N;N;103
2143749;Argentina;N;112
2144390;N;N;102
2144547;N;N;130
2145409;N;N;110
2145409;N;(International version);133
2145409;France;(uncut version);136
2145409;Turkey;(TV version);100
2145603;N;(2004 Criterion DVD edition);110
2145603;N;N;117
2145603;France;N;118
2145603;Germany;(2000 restored version);105
2145603;Germany;(re-release);108
2145603;USA;N;99
2145699;N;N;101
2145942;N;N;116
2145942;USA;(PG version);112
2146691;N;N;113
2146907;N;N;127
2146945;N;N;88
2147404;N;N;81
2147519;N;(uncut version);100
2147519;USA;(edited version);85
2147811;N;N;128
2147811;UK;N;136
2147941;Argentina;N;88
2147941;USA;N;92
2147962;Argentina;N;115
2147962;USA;N;115
2147992;N;N;93
2147992;Germany;(cut version);85
2148026;N;N;93
2148037;N;N;88
2148037;USA;(special edition);93
2148039;N;N;95
2148039;Argentina;N;96
2148039;Germany;(heavily cut);87
2148039;UK;N;96
2148039;USA;N;94
2148040;N;N;107
2148165;N;N;96
2148281;France;N;135
2148281;USA;N;134
2148400;N;N;122
2148608;N;N;111
2148848;N;N;88
2149158;USA;N;120
2150211;N;N;188
2150224;N;N;124
2151493;N;N;100
2151499;Argentina;N;95
2151499;USA;N;95
2151740;N;N;75
2153014;N;N;202
2153110;N;(1997 alternate version);116
2153283;N;N;107
2153421;Singapore;N;90
2153457;N;(extended version);123
2153457;N;N;94
2153998;N;N;106
2153998;Argentina;N;110
2153998;UK;(original version);95
2153998;USA;N;110
2154565;N;N;94
2154596;N;(Slamdance Film Festival);80
2154596;USA;N;77
2154607;N;N;96
2154630;N;N;86
2154663;N;N;118
2155643;N;N;96
2155689;N;N;104
2156231;N;N;88
2156364;N;N;113
2156478;N;N;112
2157118;N;N;125
2157273;USA;N;198
2157724;N;N;114
2158286;N;N;90
2159085;N;N;93
2159258;N;N;130
2159513;N;N;104
2159513;Germany;N;92
2159587;N;N;106
2160048;N;N;90
2160048;N;(alternate version);94
2160308;N;N;98
2160428;N;N;139
2160436;N;N;108
2160769;N;N;94
2161122;N;N;99
2161144;N;N;9
2161615;N;N;73
2162013;N;N;135
2162109;N;N;98
2162109;USA;N;102
2162762;N;N;140
2162869;N;N;127
2162994;N;N;98
2163340;N;N;97
2163370;N;N;101
2163581;N;N;105
2164115;N;N;120
2164115;Argentina;N;121
2164174;N;N;108
2164328;N;N;104
2164328;Germany;N;100
2164624;N;N;116
2164939;N;N;99
2164942;N;N;84
2164943;N;N;96
2164944;N;N;87
2165318;N;N;106
2165411;N;(international version);86
2165411;N;N;96
2165624;N;N;178
2165627;USA;N;122
2165666;N;N;113
2165721;N;N;105
2165765;N;N;93
2165832;N;N;108
2166642;N;N;95
2167372;USA;N;72
2167489;N;N;95
2168103;N;N;105
2168109;N;N;115
2168207;N;N;98
2168282;USA;N;80
2168361;N;N;127
2168402;N;N;97
2168965;N;N;144
2168965;Spain;N;126
2169199;N;N;111
2169865;N;N;131
2169876;N;N;127
2170415;N;N;108
2170555;N;N;117
2170610;N;N;105
2170610;USA;N;101
2170625;N;(DVD edition) (2002 Murnau Foundation 75th aniversary restored version);119
2170625;N;(2010 restored version);145
2170625;N;N;153
2170625;N;(Giorgio Moroder version);80
2170625;Germany;(premiere cut);210
2170625;Germany;(re-release version);93
2170625;USA;(25 fps) (1927 cut version);114
2170625;USA;(2002 Murnau Foundation 75th aniversary restored version);123
2170643;N;N;98
2171511;N;N;92
2171589;N;N;137
2171762;N;N;105
2171907;N;N;105
2171943;N;N;133
2172334;N;N;102
2172541;N;N;80
2172541;Japan;N;73
2172808;N;N;113
2172829;N;N;121
2172947;N;N;126
2173027;N;N;155
2173296;N;N;98
2173331;N;N;95
2173343;N;N;94
2173343;USA;N;84
2173344;N;N;114
2173361;N;N;95
2173730;N;N;109
2174014;N;N;111
2174318;N;N;110
2174392;N;N;87
2174453;N;N;115
2174775;N;N;105
2174775;N;(director's cut);112
2174948;N;N;124
2174948;Argentina;N;128
2174948;Canada;N;128
2174948;Spain;N;121
2174948;UK;N;128
2175680;N;N;114
2176083;N;N;96
2176086;N;N;114
2176174;N;N;92
2176789;N;N;107
2177244;N;N;103
2177836;N;N;101
2177836;Argentina;N;101
2177839;Norway;(video version);95
2177839;USA;N;100
2177959;N;N;114
2177983;N;N;110
2177992;N;N;123
2178276;N;N;123
2178276;West Germany;N;107
2178807;N;N;101
2179017;N;N;97
2179406;N;N;129
2179406;USA;N;130
2179939;N;N;87
2180060;N;N;75
2180670;N;N;123
2180670;Germany;N;113
2180698;N;N;102
2181096;N;N;129
2181493;N;N;104
2181690;N;N;80
2181898;N;N;97
2181907;N;N;103
2181907;Canada;(Ontario);110
2182213;N;N;113
2182213;West Germany;(cut version);105
2182361;N;N;134
2182564;N;N;124
2182564;West Germany;N;110
2183016;N;N;96
2183016;Argentina;N;95
2183016;Israel;N;92
2183254;N;N;91
2183622;N;N;66
2183643;N;N;105
2183675;N;N;126
2183726;N;N;102
2184999;N;N;101
2185015;N;N;95
2185038;N;N;102
2185767;N;N;114
2186706;N;N;98
2186706;Germany;N;93
2187505;N;N;95
2187739;N;N;91
2187886;N;N;143
2187957;N;N;103
2187965;N;N;114
2188028;N;N;87
2188074;N;N;91
2188074;Argentina;N;91
2188074;Argentina;N;92
2188117;N;N;92
2188295;N;N;119
2188332;N;N;129
2188332;West Germany;(TV);120
2188440;N;N;98
2188458;N;N;96
2188547;N;N;105
2188553;N;N;97
2188633;N;N;125
2188696;N;N;134
2188708;N;N;125
2188768;N;N;105
2188978;N;N;111
2189533;N;N;90
2189721;N;N;88
2189721;Philippines;N;85
2189833;N;N;107
2189969;N;N;117
2190062;N;N;112
2190354;N;N;99
2190371;N;N;87
2190371;Argentina;N;88
2190603;N;N;107
2190603;Argentina;N;108
2190734;N;N;122
2190795;N;N;104
2190795;Argentina;N;102
2190795;USA;(TCM print: British version);100
2190795;USA;N;92
2190803;N;N;95
2190803;Germany;N;90
2190900;N;N;106
2190982;N;N;107
2191385;N;N;104
2191428;N;N;124
2191929;N;N;95
2191997;N;N;132
2192642;N;N;105
2192654;N;(1998 version);80
2192733;N;N;3
2192747;N;N;96
2192747;USA;N;102
2192782;N;N;85
2192913;N;N;97
2192973;N;N;120
2193169;N;N;95
2193264;N;N;170
2193276;N;N;128
2193388;N;N;94
2193407;N;N;92
2193422;N;N;101
2193721;N;N;103
2194143;N;N;103
2194153;N;N;117
2194168;N;N;98
2194362;N;N;94
2194362;USA;(2005 DVD release);90
2194363;N;N;92
2194471;Argentina;N;93
2194471;Germany;N;93
2194471;USA;N;89
2194580;N;N;105
2194791;N;N;104
2195009;N;N;94
2195009;West Germany;(video);80
2195233;Finland;N;88
2195233;UK;N;87
2195417;N;N;97
2196039;N;N;121
2196060;N;N;73
2196068;N;N;110
2196132;N;N;119
2196454;N;N;125
2196886;N;N;118
2196886;France;(color version);103
2197021;N;N;94
2197407;N;N;82
2199194;N;N;78
2199218;N;N;93
2199868;N;N;131
2199868;South Korea;N;112
2199969;N;N;83
2200121;N;N;95
2201125;N;N;92
2201311;N;N;98
2201727;N;N;159
2202537;N;N;111
2202732;N;N;118
2202732;USA;(director's cut);122
2202880;N;N;107
2204067;N;N;94
2204067;Sweden;(cut version);86
2204532;N;N;120
2204532;USA;(TV version);183
2205117;N;N;75
2205227;N;N;112
2205327;N;N;106
2206238;N;N;97
2206242;N;N;121
2206516;N;N;107
2206541;N;N;105
2206656;N;N;101
2206740;N;N;86
2207203;N;N;98
2207291;N;N;112
2207291;Australia;(video);107
2207384;N;N;93
2207954;N;N;121
2208048;N;N;98
2208084;N;N;104
2208430;N;N;92
2208474;N;N;93
2208962;N;N;90
2209075;Germany;N;70
2209075;USA;N;67
2209608;N;N;113
2209608;USA;(director's cut);118
2209821;N;N;106
2209901;N;N;84
2210137;N;N;95
2210139;N;N;88
2210139;Germany;(cut version);85
2210196;N;N;96
2210254;N;N;129
2210356;N;N;99
2210519;N;N;99
2210617;N;N;101
2210872;N;N;118
2211077;N;N;128
2211223;N;N;100
2211223;Canada;(Ontario);98
2211282;N;(DVD);112
2211282;N;N;117
2211282;Argentina;N;102
2211336;N;N;103
2211395;N;N;113
2211751;N;N;110
2212209;N;N;192
2212209;USA;(director's cut);212
2212660;N;N;118
2212660;South Korea;N;103
2212954;N;N;96
2213122;N;N;106
2213622;N;N;102
2213866;N;N;114
2214546;N;N;110
2216031;N;N;101
2216031;Portugal;N;89
2216031;UK;N;102
2216145;N;N;87
2216176;N;N;119
2216295;N;N;90
2216295;Argentina;N;89
2216295;UK;N;88
2216295;USA;N;88
2216316;N;N;136
2216640;N;N;97
2216642;N;(1994 restored version projected at 20 fps);84
2216642;N;N;94
2216642;Belgium;N;85
2216642;Spain;(VHS version);65
2216642;Spain;(DVD edition);92
2216642;Sweden;(DVD version);84
2216642;UK;(1997 restored version);88
2216642;USA;N;81
2217530;N;N;94
2217636;Argentina;N;86
2217636;Colombia;N;83
2217636;UK;N;85
2217636;USA;N;86
2217693;N;N;118
2217718;N;N;108
2217782;N;N;101
2217888;N;N;124
2218486;N;N;100
2218524;N;N;82
2219070;N;N;106
2219442;N;N;63
2219779;N;N;110
2219992;N;N;106
2219992;USA;(unrated director's cut);109
2220554;N;N;103
2221102;N;N;91
2221102;Argentina;N;94
2221102;Spain;N;94
2221102;UK;N;90
2221102;USA;N;90
2222143;N;N;110
2224890;N;N;108
2225574;N;N;83
2225605;USA;N;103
2225624;N;N;115
2226062;N;N;82
2226062;Argentina;N;95
2226103;N;N;89
2227800;Australia;N;91
2227800;Russia;N;87
2227800;Spain;N;96
2228369;N;N;83
2228704;N;N;74
2228754;N;N;153
2229516;N;N;96
2229633;N;N;109
2229656;N;N;142
2229787;N;N;107
2229787;USA;(re-edited version);98
2230251;N;N;134
2230732;N;N;94
2230871;N;N;98
2230917;N;N;108
2231247;N;N;229
2231247;N;(2012);259
2231247;USA;(re-cut);139
2231307;N;N;115
2231336;N;N;102
2231697;N;N;93
2231855;N;N;119
2231882;N;N;105
2231896;N;N;108
2231909;N;N;133
2232226;N;N;90
2232255;N;N;89
2232299;USA;N;121
2232552;N;N;102
2232980;N;N;90
2233001;N;N;127
2233552;N;N;106
2233759;N;N;121
2233885;N;N;115
2233885;Finland;N;104
2233885;France;N;108
2234951;Australia;N;104
2234951;Norway;N;104
2234951;Spain;N;100
2234951;USA;N;104
2235378;N;N;107
2235378;Finland;N;104
2235600;N;N;85
2235600;USA;(1972 reissue);75
2235600;USA;N;83
2236433;N;N;124
2236640;N;N;94
2236640;Hong Kong;N;92
2236640;USA;(cut version);92
2236888;N;N;99
2237013;N;N;94
2237801;N;N;132
2238427;Italy;N;118
2238483;N;N;123
2238595;N;N;94
2239654;N;(Hypercube restored version);89
2239654;N;N;90
2239941;N;N;161
2240178;N;N;123
2240406;N;N;97
2240516;N;N;106
2240566;N;N;127
2240849;N;N;100
2240934;N;N;100
2240936;N;N;96
2241542;N;N;87
2241805;N;N;92
2242954;N;N;102
2243968;N;N;82
2244080;N;N;111
2244271;N;N;115
2244488;N;N;114
2245091;N;N;122
2245138;N;N;100
2245138;Switzerland;(Locarno Film Festival);112
2246169;China;N;111
2246169;UK;N;115
2246675;N;N;151
2247345;N;N;150
2247366;N;(FMC Library Print);114
2247366;N;N;122
2247594;UK;N;93
2247913;N;N;85
2248232;N;N;124
2248438;N;N;71
2248473;N;N;75
2248574;N;N;112
2248580;N;N;147
2249442;N;N;94
2250014;N;N;115
2250495;N;N;135
2250593;N;N;91
2250599;N;N;105
2250599;Finland;N;101
2250599;Germany;(TV version);96
2251093;N;N;115
2251197;Argentina;N;119
2251197;India;(within Bengal);122
2251241;N;N;88
2251547;N;N;117
2251761;N;N;172
2251833;N;N;95
2252075;N;N;91
2252075;Switzerland;N;90
2252158;N;N;93
2252158;Australia;(cut);90
2252485;UK;N;90
2252917;N;N;95
2253153;N;N;87
2253332;N;N;90
2253441;N;N;101
2253441;USA;(cut version);86
2253567;N;N;103
2254216;N;N;99
2254219;N;N;108
2254219;UK;(cut version);108
2254327;N;N;119
2255035;N;N;132
2255064;N;N;99
2255408;N;N;81
2256004;N;N;88
2256605;N;N;107
2257031;N;N;103
2257033;N;N;100
2257129;N;N;128
2257129;Argentina;N;130
2257265;N;N;77
2257381;N;N;101
2257901;N;N;88
2257904;N;N;97
2257905;N;N;91
2257905;UK;(DVD);86
2257906;N;N;90
2258068;N;N;96
2258068;Argentina;N;92
2258079;N;N;90
2258163;N;N;89
2258248;N;N;123
2258328;N;N;125
2258588;N;N;107
2258957;N;N;93
2258958;N;N;84
2259483;N;N;115
2259483;USA;(DVD version);113
2259508;N;N;115
2259508;Australia;(1998 director's cut);107
2259556;N;N;95
2259556;N;N;98
2259586;N;N;105
2259786;N;N;22
2261350;N;N;93
2261350;Argentina;(re-release);108
2261350;Australia;(re-release);106
2261350;UK;(re-release);104
2261350;USA;(re-release);108
2261353;N;N;95
2261598;N;N;88
2261929;N;N;94
2261929;USA;(TV version);106
2262428;N;N;80
2262464;N;N;109
2262464;USA;(unrated version);112
2262957;N;N;111
2263106;N;N;79
2263331;N;N;112
2263331;Argentina;N;115
2263331;Spain;(DVD edition);107
2263670;N;N;120
2263826;N;N;124
2264538;N;N;94
2264538;Netherlands;N;91
2264538;Philippines;N;90
2264592;N;N;121
2264815;N;N;124
2265148;N;N;118
2265148;Argentina;N;115
2265148;France;N;115
2265148;Hungary;N;110
2265148;UK;N;118
2265188;N;N;121
2265188;UK;N;124
2265452;N;N;99
2265771;N;N;81
2265771;USA;(10th Anniversary edition);84
2266198;N;N;109
2266555;N;N;85
2266574;Argentina;N;90
2266574;USA;(R-rated version);88
2266574;USA;(unrated version);93
2266575;N;N;106
2266575;USA;(unrated version);108
2266691;N;N;75
2266691;Germany;N;95
2266891;N;N;102
2266891;USA;N;99
2267111;N;N;96
2267114;N;N;87
2267116;N;N;83
2267118;N;N;88
2267120;N;N;90
2267121;N;N;84
2267434;N;N;105
2267673;N;N;134
2267777;N;N;114
2267780;N;(original cut);130
2267780;N;N;91
2267781;N;N;98
2268063;N;N;97
2268776;N;N;114
2268776;UK;N;97
2269366;N;N;97
2269410;N;N;94
2269426;N;N;98
2269444;N;N;92
2270182;N;N;111
2270749;Argentina;N;120
2270749;France;N;127
2270749;UK;N;118
2270749;USA;(cut);80
2271178;N;N;86
2271822;N;N;111
2271870;N;N;89
2272308;N;N;104
2272532;N;N;103
2273044;N;N;107
2273048;N;(vcd);103
2273048;N;N;108
2273048;Germany;(TV version) (FSK 18 version) (heavily cut);93
2273174;N;N;106
2273896;N;N;90
2274575;N;N;119
2274575;USA;(director's cut);125
2274590;N;N;96
2274790;N;N;118
2274852;N;N;111
2274949;N;N;105
2274949;Argentina;N;98
2274949;USA;N;98
2275139;N;N;129
2275181;N;N;143
2275543;N;N;91
2275543;Japan;N;97
2275543;Philippines;N;92
2275635;N;N;167
2275709;N;N;97
2276353;N;N;109
2276841;N;N;109
2276914;N;N;89
2277269;N;N;100
2277334;N;N;130
2277505;N;N;81
2277506;USA;N;90
2278340;N;N;63
2278576;N;N;89
2278585;N;N;92
2279852;N;N;133
2280097;N;N;109
2280097;Germany;(cut);108
2280098;N;N;105
2280101;N;N;95
2280125;N;N;113
2280126;N;N;93
2280126;Australia;N;90
2280376;N;N;90
2280997;N;N;154
2280997;USA;(special edition);168
2281105;N;N;102
2281160;N;N;86
2281612;USA;N;4
2282360;N;N;124
2282360;Finland;N;119
2285092;N;N;80
2285138;N;N;85
2285139;N;N;97
2285647;N;N;100
2285647;Germany;N;108
2285997;N;N;86
2285997;Germany;N;74
2286681;N;N;133
2287637;N;N;100
2288084;N;N;88
2288257;N;N;108
2288625;N;N;129
2288828;N;N;115
2288908;N;N;72
2288969;N;(Turner library print);94
2289039;N;N;133
2289215;N;N;90
2289279;N;N;115
2289279;Australia;(DVD);119
2289279;Canada;(Ontario);113
2289300;N;N;94
2290129;N;N;102
2290129;Finland;(1988) (heavily cut) (VHS version);87
2290136;N;N;96
2290316;N;N;162
2290489;N;N;133
2290562;N;N;90
2290793;N;N;121
2290793;USA;(special edition);139
2291501;N;N;114
2291903;N;N;101
2291994;N;N;79
2292109;Germany;(uncut version);86
2292109;USA;N;89
2292470;N;(unrated version);86
2292470;USA;(R-rated version);95
2292610;N;N;100
2292773;N;N;107
2292920;N;N;108
2293200;N;N;99
2293416;N;N;112
2293483;N;(cut);76
2293483;N;N;84
2293500;N;N;130
2293587;N;N;111
2293915;N;N;91
2294497;N;N;122
2294518;N;N;114
2294990;N;N;98
2295106;N;N;89
2295575;N;N;195
2296145;N;N;52
2296438;N;N;72
2296667;N;N;104
2296667;N;(director's cut);124
2296892;N;N;182
2296892;France;(director's cut);175
2296987;Germany;N;90
2296987;USA;N;94
2297049;N;N;110
2297404;N;N;113
2297404;USA;(Director's Cut DVD);120
2297836;N;N;128
2298189;N;N;15
2298460;N;N;92
2298603;N;N;80
2298717;N;N;105
2298804;N;N;102
2299047;N;N;99
2299492;N;N;117
2299646;N;N;102
2299999;N;N;91
2300104;N;N;95
2300162;N;N;80
2300333;N;N;115
2300351;N;N;113
2300351;Finland;(cut);109
2300351;Finland;(uncut);110
2300354;N;N;111
2300450;N;N;101
2300450;USA;N;101
2300450;USA;N;102
2301991;Canada;(Ontario);81
2301991;UK;N;92
2301991;USA;N;83
2302051;N;N;104
2302418;N;N;90
2302526;N;N;138
2302526;N;(director's cut);148
2302661;N;N;102
2303621;N;N;90
2303953;N;N;92
2304264;N;N;125
2304264;USA;N;129
2304330;N;N;98
2305025;N;N;95
2305025;Finland;N;90
2305197;N;N;93
2305197;USA;(unrated version);94
2305466;UK;N;96
2305466;USA;N;96
2305587;N;N;139
2305931;N;N;83
2305974;N;N;104
2305976;N;N;143
2305976;USA;(extended edition);155
2306194;N;N;102
2306194;Finland;(heavily cut);91
2306194;Germany;(cut version);78
2306194;Norway;(cut version);98
2306194;USA;(unrated director's cut);103
2306197;Germany;(FSK 16 version);82
2306197;USA;N;117
2306201;N;N;104
2307015;N;N;13
2307071;N;N;77
2307228;N;N;119
2307246;N;N;119
2307247;N;N;99
2307248;N;N;91
2307289;N;N;104
2307534;N;N;91
2307985;N;N;119
2308229;N;N;118
2308229;Portugal;(cut version);117
2308305;N;N;84
2308305;USA;(unrated version);99
2308476;N;N;106
2308720;N;N;120
2308725;N;N;100
2308725;Argentina;N;106
2308725;Japan;N;110
2308725;Spain;N;104
2308730;N;N;115
2308758;N;N;138
2308758;UK;(initial release);149
2308889;N;N;94
2308889;South Korea;N;88
2308916;N;N;92
2309076;N;N;122
2309334;Argentina;N;115
2309334;USA;N;115
2309427;N;N;108
2309617;N;N;80
2310074;N;N;98
2310119;N;N;136
2310159;N;N;117
2310222;N;N;95
2310222;Colombia;N;92
2310236;N;N;140
2310265;N;N;97
2310722;Spain;N;100
2310722;UK;N;104
2310722;USA;N;104
2310724;N;N;104
2310851;N;N;97
2310980;N;N;121
2311011;N;N;101
2311879;N;N;114
2311916;N;N;89
2312022;N;N;114
2312345;N;N;128
2312692;N;N;93
2312692;Germany;N;88
2312819;N;N;99
2312819;Germany;N;100
2312852;N;N;116
2312897;N;N;111
2313047;N;N;91
2313093;N;N;107
2313464;N;N;98
2313464;Spain;(DVD edition);93
2313519;N;N;93
2313912;N;N;93
2314869;N;N;96
2315269;N;N;97
2315269;Argentina;(Mar del Plata Film Festival);98
2316009;N;N;76
2316009;West Germany;N;90
2316029;N;(copyright length);109
2316046;N;N;113
2316049;N;N;127
2316115;N;N;120
2316742;N;N;119
2316800;N;N;88
2316801;N;N;98
2318730;USA;(video release);42
2318736;France;N;98
2318736;UK;N;97
2319753;Argentina;(Buenos Aires Festival Internacional de Cine Independiente);120
2319753;Canada;N;128
2319753;France;N;127
2319753;Japan;N;127
2319753;Sweden;N;129
2319753;USA;N;116
2320925;N;N;113
2321221;N;N;105
2321373;N;N;107
2321444;N;N;110
2321444;West Germany;(cut version);93
2321525;N;N;97
2321649;Argentina;N;105
2322051;N;N;117
2322051;Argentina;N;115
2323351;N;N;88
2324074;N;N;93
2324123;N;N;169
2324198;N;N;103
2324198;Argentina;N;104
2324383;N;N;100
2325153;N;N;88
2325529;N;N;157
2325646;N;N;101
2325897;N;N;195
2325897;Turkey;(TV version);185
2325936;N;N;96
2325949;N;N;127
2326309;N;N;121
2327740;N;N;111
2327740;Germany;N;103
2327746;N;N;120
2327747;N;N;116
2327816;N;N;108
2328405;N;N;81
2328405;Germany;N;78
2328488;N;N;101
2328882;N;N;127
2329335;N;N;109
2329335;Canada;(Ontario);93
2329715;N;N;105
2330057;N;N;86
2330470;N;N;142
2330470;USA;N;136
2332489;N;N;127
2333344;N;N;91
2333494;N;N;136
2333527;N;N;93
2333527;Argentina;N;96
2333527;France;N;108
2333527;Spain;N;95
2334512;N;N;95
2334625;N;N;130
2334625;Spain;N;113
2334876;N;N;88
2335038;N;N;123
2335264;N;N;93
2335400;N;N;56
2335431;N;N;118
2335622;N;N;136
2336864;N;N;100
2337754;N;N;93
2338199;N;N;103
2338375;N;N;108
2338484;N;N;131
2338484;Canada;(Ontario);115
2338685;N;N;89
2338685;France;N;98
2338707;N;N;100
2338708;N;N;99
2338711;N;N;112
2338714;N;N;104
2338941;N;N;87
2338963;N;N;123
2339096;N;N;109
2339103;N;(cut version);119
2339103;N;N;136
2339111;N;N;92
2339246;N;N;109
2339347;N;N;118
2339347;West Germany;(cut version);90
2339477;N;N;110
2339491;N;N;97
2340287;Argentina;N;104
2340287;Canada;N;103
2340287;USA;N;102
2341003;N;N;95
2341046;N;N;84
2341046;USA;(director's cut);88
2341100;N;N;100
2341160;N;N;96
2341171;N;N;99
2341509;Argentina;N;100
2342997;N;N;105
2344403;N;N;109
2344403;UK;(DVD version);99
2344403;USA;N;103
2344573;N;N;105
2344573;Argentina;N;106
2344573;USA;N;87
2344675;N;N;187
2344675;Argentina;N;190
2345354;N;N;128
2345354;USA;(NC-17 version);131
2345742;N;N;100
2345742;USA;(1999);89
2346707;N;N;86
2346713;N;N;100
2346713;UK;N;128
2346939;N;N;112
2346939;Australia;N;110
2348226;USA;N;101
2349123;N;N;114
2349163;N;N;85
2349163;Argentina;N;90
2349269;N;N;106
2349269;Germany;(TV version);101
2349430;N;N;94
2349784;N;N;113
2350234;N;N;103
2350339;N;N;107
2350378;N;N;99
2350992;N;N;98
2350992;Canada;N;94
2351245;N;N;100
2351246;N;N;107
2351693;N;N;98
2351717;N;N;112
2351845;N;N;97
2351885;N;(TCM print);62
2351904;N;N;91
2351925;N;N;93
2352948;USA;N;100
2353641;N;N;100
2353781;N;N;78
2353895;N;N;85
2353900;N;N;90
2354011;N;N;93
2354011;Germany;(TV version);87
2354219;N;N;88
2354219;USA;(DVD version);84
2354226;N;N;89
2354247;N;N;147
2354271;N;N;75
2354392;N;N;105
2354392;Turkey;(TV version);93
2354396;N;N;88
2354438;N;N;91
2354464;N;N;105
2354674;N;N;99
2354792;N;N;135
2354792;USA;(director's cut);148
2354959;N;N;108
2355275;N;N;75
2355275;USA;N;90
2355276;N;N;87
2355303;N;N;91
2355303;Argentina;N;92
2355555;N;N;108
2355625;N;N;108
2355625;USA;N;110
2355661;N;N;94
2355719;N;N;77
2355904;N;N;96
2356134;N;N;121
2356224;N;N;112
2356287;N;N;89
2356460;N;(2 parts);298
2356755;N;N;98
2357080;N;N;126
2357080;Canada;(Ontario);118
2357240;N;N;93
2357240;Australia;N;90
2357424;N;N;89
2357437;N;N;127
2357543;N;N;83
2357676;N;N;96
2357807;N;N;79
2357857;N;N;93
2358317;N;N;97
2358980;N;N;101
2359014;N;N;107
2359470;N;N;112
2359470;Japan;(director's cut);118
2359505;N;N;101
2359625;Ireland;N;9
2360108;N;N;94
2360397;N;N;167
2360397;Italy;(first release);115
2360614;UK;N;25
2360614;USA;N;25
2360660;N;N;95
2360675;N;N;120
2360702;N;N;112
2360833;N;N;90
2360833;Argentina;N;96
2360852;N;N;102
2360910;N;N;96
2360973;N;N;106
2361193;N;N;95
2361211;N;N;112
2361281;N;N;93
2361281;USA;(2005 DVD release);89
2361284;N;N;106
2361450;N;N;103
2361456;Brazil;N;94
2361575;N;N;114
2361748;N;N;95
2361778;N;N;80
2361784;N;N;100
2361785;N;N;99
2362113;N;N;80
2362207;N;N;94
2362428;N;N;87
2363015;N;N;150
2363015;Canada;(Ontario);157
2363269;N;N;74
2363269;UK;N;86
2363270;N;N;80
2363738;N;N;115
2363738;Argentina;N;115
2363756;N;N;104
2364254;N;N;91
2364254;Argentina;N;92
2364486;N;N;157
2364486;N;(roadshow version);171
2364498;N;N;81
2364887;N;N;141
2364949;N;N;97
2365078;N;N;130
2365142;N;N;88
2365297;N;N;96
2365518;USA;N;91
2365633;N;N;100
2365831;N;N;84
2365831;Canada;(Ontario);110
2365844;N;(premiere version);184
2365844;N;(theatrical version);184
2365844;Sweden;(1968 re-release);187
2365844;USA;(1967 re-release);161
2365844;USA;(1991 restored version);197
2365920;N;N;96
2365920;USA;(director's cut);98
2366246;N;N;108
2366248;N;N;93
2366248;Spain;N;89
2366368;N;N;99
2366403;N;N;116
2366408;N;N;121
2366649;N;N;111
2366649;Canada;(Ontario);95
2366980;N;N;134
2367023;N;N;93
2367832;N;N;111
2367921;N;N;93
2367930;N;N;124
2369177;N;N;105
2369317;N;N;81
2369519;N;N;102
2369623;N;N;79
2370089;N;N;110
2370089;Canada;(Ontario);108
2370348;N;N;100
2370423;N;N;91
2370472;N;N;110
2370704;N;N;120
2370704;Germany;N;116
2370742;N;N;134
2370742;Argentina;N;135
2370772;N;(2002 DVD);155
2370772;N;N;163
2371045;N;N;57
2371052;N;N;89
2371246;N;N;104
2371502;N;N;101
2371509;N;N;86
2371602;N;N;105
2371603;N;N;119
2371610;N;N;107
2371611;N;(theatrical version);110
2371611;N;N;113
2371648;N;N;111
2371651;N;N;118
2371654;N;N;103
2371692;N;N;132
2371692;USA;(director's cut);136
2371692;USA;(TV version);143
2371705;N;N;113
2371705;USA;(director's cut);116
2371726;N;N;121
2371726;N;(special edition);125
2371778;N;N;136
2371786;N;N;124
2371786;USA;(special edition);127
2371787;N;N;134
2371787;N;(special edition);135
2372012;N;N;89
2372068;N;N;121
2372068;USA;(special edition);128
2372068;USA;(director's cut);130
2372234;N;N;115
2372328;N;N;94
2372407;N;N;129
2373106;N;N;88
2373212;UK;N;113
2373212;USA;N;135
2373221;N;N;107
2373221;Spain;N;106
2373241;N;N;118
2373256;N;N;98
2373364;N;N;8
2373434;N;N;97
2373470;N;N;117
2373470;Spain;N;119
2373573;N;(dvd version);84
2373573;N;N;92
2373941;N;N;124
2374542;Spain;N;99
2374542;UK;N;94
2374542;USA;N;94
2374584;N;N;103
2374677;N;N;109
2374686;N;N;95
2374686;Argentina;N;100
2375093;N;N;99
2375659;N;N;99
2375659;USA;(DVD);94
2375749;N;(VHS);100
2375749;N;N;88
2375846;N;N;87
2375950;N;N;77
2376295;N;N;108
2376870;N;N;145
2377049;N;N;85
2377049;Argentina;N;92
2377127;N;N;89
2377173;N;N;94
2377282;N;N;101
2377282;N;(preview version);103
2377282;Portugal;(cut version);96
2377282;West Germany;N;92
2377877;N;N;102
2378398;N;N;94
2378535;N;N;97
2378594;N;N;102
2378750;N;N;106
2378750;Spain;(extended version);117
2378750;USA;(extended version);126
2378853;N;N;115
2378853;USA;(unrated version);117
2379184;N;N;84
2379184;Spain;(DVD edition);81
2379192;Brazil;N;96
2379192;USA;N;95
2380109;N;N;121
2380932;N;N;111
2380949;Australia;N;80
2380982;N;N;114
2381332;N;N;92
2381332;Argentina;(Mar del Plata Film Festival);92
2381528;N;N;106
2381959;N;N;90
2381959;West Germany;(TV premiere);85
2382368;N;N;142
2382687;N;N;123
2382687;N;(director's cut);147
2383252;N;N;110
2383252;Argentina;N;115
2383252;West Germany;(cut version);104
2383280;N;N;99
2383305;N;N;90
2383350;N;N;181
2383956;N;N;104
2383956;Italy;N;96
2384304;N;N;19
2384418;N;(international version);124
2384418;Germany;(Video Version);89
2384418;USA;(theatrical version);105
2384418;USA;(director's cut);138
2384418;USA;(original cut);150
2384520;N;N;143
2384520;USA;(1980 video release);127
2384520;USA;(2000 restoration);151
2384532;N;N;127
2384532;USA;(Richard Donner Cut);116
2384535;N;N;125
2384536;N;(theatrical version);90
2384536;Finland;(1987);93
2384536;USA;(original cut);134
2384735;N;N;81
2385207;UK;(DVD);80
2385207;UK;(Director's Cut DVD);85
2385207;USA;N;83
2385744;N;N;125
2385772;N;N;96
2386139;N;N;99
2386293;N;N;96
2387087;N;N;91
2387087;Australia;(DVD version);89
2387087;USA;(DVD version);93
2387903;N;N;89
2388125;N;N;95
2388316;N;N;115
2388445;N;N;101
2388540;N;N;112
2388613;N;N;96
2388702;N;N;126
2388790;N;N;118
2388990;N;N;102
2388990;USA;N;101
2389414;N;N;85
2390303;N;N;103
2390631;N;N;92
2390996;N;N;96
2391515;N;N;95
2392001;N;N;96
2392533;N;N;108
2393241;N;N;85
2393853;N;N;92
2393856;N;N;93
2393876;N;N;98
2393957;N;N;89
2394155;N;N;96
2394206;N;N;87
2394293;N;N;98
2394728;N;N;114
2395044;N;N;115
2395044;Argentina;N;126
2395255;N;N;104
2395942;N;N;100
2395953;N;N;80
2396028;UK;N;100
2396028;USA;N;122
2396330;N;N;88
2396366;Australia;N;80
2396366;Spain;N;90
2396366;USA;N;83
2396390;N;(12 episodes);200
2396390;UK;(feature);86
2396390;USA;(feature);61
2397128;N;N;113
2397128;Spain;(cut version);110
2397272;N;N;101
2397663;N;N;117
2397781;N;N;96
2398900;N;N;93
2398907;N;N;88
2398908;N;N;96
2400037;N;N;101
2400056;N;N;94
2400921;N;N;100
2400921;N;(TCM print);92
2401353;N;N;84
2401441;N;N;115
2401724;N;N;102
2401724;Germany;(TV version);97
2401750;N;N;137
2401750;USA;(special edition);152
2401750;USA;(extended special edition);154
2401814;N;N;132
2402234;N;N;80
2402234;USA;(DVD version);81
2402490;N;(1998 alternate version);118
2402490;N;(18.7 fps);137
2402836;N;N;83
2402836;Argentina;(Mar del Plata Film Festival);83
2402907;N;N;103
2403659;N;N;112
2403807;N;N;105
2403883;N;N;108
2403883;USA;(Director's cut);149
2404002;N;N;102
2404248;N;N;101
2404464;N;N;102
2404844;N;N;93
2405097;N;N;86
2405559;N;N;88
2405780;N;N;91
2405780;USA;N;85
2405818;N;N;92
2405835;N;(original version);139
2405835;N;(special edition);171
2405972;N;N;111
2406080;N;N;99
2406092;N;N;82
2406259;N;N;103
2406308;N;N;73
2406308;Argentina;N;89
2406458;Argentina;N;92
2406458;France;N;92
2406458;Germany;N;94
2406458;Spain;(DVD edition);90
2406458;USA;N;96
2406464;N;N;104
2406475;N;N;102
2406479;N;N;92
2406492;N;N;99
2406749;N;N;105
2406808;N;N;139
2406910;N;N;107
2407102;N;N;83
2407115;N;N;108
2407308;Germany;N;84
2407308;UK;N;81
2407502;N;N;114
2407577;N;N;117
2408078;N;N;125
2408096;N;N;62
2408133;N;N;134
2408166;N;N;100
2408167;N;N;88
2408389;N;N;78
2408482;N;N;115
2408762;N;N;117
2408762;Germany;(cut version);116
2408977;N;N;112
2409051;Canada;(Ontario);119
2409051;Spain;N;111
2409051;USA;N;115
2409070;N;N;114
2409105;N;N;109
2409402;N;N;89
2409655;N;N;84
2409655;Australia;N;89
2409708;N;N;94
2409717;N;N;90
2409764;N;N;101
2409949;N;N;129
2410182;N;N;112
2410273;N;(Turner library print) (copyright length);112
2410338;N;N;72
2410484;N;N;96
2410667;N;N;102
2410686;N;N;80
2410691;N;N;83
2410916;N;N;84
2410977;Germany;N;8
2411034;N;N;99
2411215;N;N;105
2411361;N;N;112
2411492;N;N;114
2411558;N;(DVD);68
2411558;N;N;92
2411762;N;N;120
2411839;N;N;172
2412295;N;N;92
2412397;USA;(approx.);17
2412502;N;N;105
2412514;USA;N;84
2412518;N;N;165
2412620;N;N;100
2412638;N;N;91
2412676;N;N;90
2412686;N;N;117
2412740;N;N;91
2412859;N;N;114
2412859;N;(pre-release version);116
2412879;N;N;98
2412918;N;N;86
2412945;N;N;89
2413158;N;N;117
2413168;N;N;119
2413457;N;N;80
2413536;N;N;98
2413799;N;N;81
2413948;N;N;86
2413948;USA;N;82
2414050;USA;N;85
2414153;N;N;104
2414225;N;N;133
2414225;USA;(extended version);148
2414400;N;N;77
2414419;N;N;129
2414571;N;N;118
2414595;N;N;125
2414767;N;N;108
2414767;South Korea;(cut);102
2414877;N;N;89
2415240;N;N;114
2415240;UK;N;107
2415427;N;N;125
2415427;West Germany;N;100
2415482;N;N;90
2415512;N;(uncut version);82
2415512;USA;(TCM print);70
2415560;N;N;89
2415703;N;N;97
2415723;N;N;86
2415946;N;N;115
2415964;N;N;161
2415971;N;N;135
2416139;N;(TCM print);100
2416189;N;N;90
2416319;N;N;108
2416319;Australia;N;106
2416380;N;N;98
2416410;N;N;97
2416504;N;N;114
2416982;N;N;30
2417002;N;N;107
2417002;Germany;N;98
2417211;N;N;111
2417216;N;N;96
2417640;N;N;110
2418230;N;N;91
2418253;N;N;85
2418326;N;N;104
2418525;N;N;107
2418525;Germany;(director's cut);109
2418557;N;N;102
2418562;N;N;105
2418562;USA;N;101
2418704;N;N;113
2418726;N;N;121
2419706;N;N;126
2419797;N;N;71
2419930;Norway;N;75
2419930;USA;N;76
2419930;USA;(uncut version);78
2419964;N;N;98
2419964;West Germany;N;93
2420111;N;N;119
2420229;Japan;N;93
2420229;USA;N;90
2420761;N;N;154
2420795;N;N;119
2421052;N;N;118
2421210;N;N;91
2421254;N;N;113
2421254;N;(TV version);132
2421550;N;N;126
2421643;N;N;113
2421720;N;N;124
2421720;USA;(R-rated version);98
2421914;N;N;110
2422396;N;N;102
2422513;N;N;101
2422712;N;N;88
2422818;N;N;105
2422979;N;N;111
2422996;N;N;102
2422996;Australia;N;97
2422996;Germany;(cut version);98
2423002;N;N;84
2423004;N;N;102
2423044;N;N;124
2423061;N;N;81
2423061;Argentina;N;92
2423072;N;N;76
2423104;N;N;89
2423139;N;N;112
2423315;N;N;97
2423437;N;N;82
2423437;Japan;N;83
2423557;N;N;101
2424023;N;N;93
2424038;N;N;122
2424563;N;N;92
2424563;Germany;N;85
2424628;N;N;87
2424628;Germany;(TV version);81
2424777;N;N;103
2425159;N;N;100
2425160;N;N;93
2425205;N;N;106
2425222;N;N;182
2425640;N;N;94
2425835;Spain;N;96
2425835;USA;N;95
2425880;N;N;96
2425936;N;N;144
2425936;Turkey;(TV version);136
2425966;N;N;130
2426074;N;N;107
2426553;N;N;150
2426757;N;N;112
2427282;N;N;83
2427282;USA;(R-rated version);75
2427355;N;N;140
2427591;N;N;108
2428475;N;N;117
2428555;Argentina;N;116
2428555;USA;N;112
2428578;N;N;100
2428775;N;N;124
2428934;N;N;114
2429043;N;N;118
2429253;N;N;122
2429270;N;N;105
2429271;N;N;102
2429381;N;N;95
2429382;N;N;109
2429495;N;N;162
2429506;N;N;99
2429962;N;N;129
2430234;N;N;122
2430234;N;(director's cut);132
2430236;N;N;110
2430482;N;N;79
2430658;N;N;114
2430658;Australia;N;110
2430810;N;N;104
2430959;N;N;131
2431294;N;N;116
2431294;Finland;N;112
2431294;Spain;N;114
2431451;Portugal;N;94
2431451;UK;N;100
2431451;UK;(theatrical version) (2012);112
2431451;USA;N;129
2431691;N;N;97
2431715;N;(DVD version);88
2431715;N;N;98
2432016;N;N;100
2432016;Norway;N;101
2432016;Spain;(DVD edition);95
2432049;N;N;126
2432285;N;N;100
2432392;N;N;108
2432424;N;N;108
2432757;N;N;154
2433039;N;N;103
2433086;N;N;137
2433193;Argentina;N;106
2433193;USA;N;106
2433314;N;N;100
2433445;N;N;91
2433450;N;N;90
2433612;N;N;94
2433613;N;N;96
2433626;N;N;105
2433700;N;N;69
2433734;N;N;89
2434036;N;N;89
2434036;Australia;N;92
2434412;N;N;83
2434561;N;N;104
2434664;N;N;110
2434664;USA;(director's cut);123
2434795;N;N;130
2434818;N;N;91
2434846;N;N;99
2434873;N;N;96
2434873;Belgium;(video version);80
2434873;Sweden;(cut);90
2434963;N;N;118
2435197;N;N;129
2435394;Spain;N;96
2435394;USA;N;100
2435509;N;N;85
2435520;N;N;90
2435520;Canada;N;93
2435620;N;N;97
2435625;N;N;107
2435697;N;N;124
2435713;N;N;116
2435881;N;N;115
2435881;Australia;(uncut version);116
2435972;N;N;104
2435974;N;N;109
2435997;N;N;67
2436084;N;N;74
2436288;N;N;114
2437007;Germany;N;110
2437007;USA;N;110
2437039;N;N;109
2437062;N;N;91
2437170;N;N;84
2437277;N;N;175
2437299;N;N;200
2437300;N;N;162
2437300;USA;(video version);169
2437320;N;N;109
2437321;N;N;98
2437383;N;(24 fps) (original version: Los Angeles, California, 1925);95
2437383;USA;(1942 re-release);72
2437383;USA;(24 fps) (edited version: New York release, 1925);81
2437434;N;N;130
2437452;N;N;94
2437630;USA;N;105
2437728;N;N;138
2437803;Argentina;N;104
2437803;Brazil;N;104
2437803;USA;N;103
2437961;N;N;111
2437988;N;N;114
2438101;N;N;115
2438147;N;N;106
2438272;N;N;129
2438272;West Germany;(cut version);108
2438279;N;N;107
2438541;N;N;125
2438568;N;N;172
2438716;N;N;85
2438760;N;N;74
2438765;N;N;95
2438827;N;N;160
2438827;Spain;(DVD edition);146
2438866;N;N;115
2438986;N;N;91
2439001;N;N;176
2439001;USA;(roadshow version);185
2439001;West Germany;N;110
2439154;N;N;152
2439306;N;N;189
2439451;N;N;110
2439616;N;N;92
2439616;Argentina;N;98
2439860;N;N;158
2439860;Sweden;N;156
2440155;N;N;110
2440247;N;N;91
2440300;N;N;141
2440300;Sweden;N;118
2440300;USA;(re-release);159
2440300;USA;(original version);164
2440730;N;(DVD version);112
2440730;N;N;89
2440732;N;N;112
2440733;N;N;113
2440733;Switzerland;N;112
2441467;N;N;114
2441476;N;N;96
2441559;N;N;74
2441791;N;N;88
2441957;N;N;71
2442181;N;N;91
2442666;N;N;170
2442759;N;N;130
2442836;UK;N;112
2442836;USA;N;102
2443071;N;N;85
2443099;N;N;140
2443099;Germany;N;141
2443099;Spain;N;146
2443201;N;N;91
2443214;N;N;111
2443380;N;N;91
2443380;Denmark;N;87
2443403;N;N;97
2443509;N;N;134
2443522;N;N;106
2443522;USA;N;111
2443624;N;N;146
2443655;N;N;134
2443779;N;N;112
2443864;N;N;117
2443864;N;(TCM print);119
2444103;N;N;101
2444128;N;N;105
2444223;N;N;80
2444273;N;N;94
2444351;N;N;96
2444539;N;N;110
2444638;N;N;110
2444642;N;N;100
2444704;N;N;157
2444722;N;N;102
2445189;N;N;71
2445248;N;N;109
2445287;N;N;86
2445390;N;N;96
2445390;USA;(director's cut);99
2445527;N;N;124
2445594;N;N;81
2445757;N;N;94
2445763;Argentina;N;82
2445763;USA;N;82
2445832;N;N;106
2445853;N;N;91
2446143;N;N;91
2446151;N;N;101
2446203;N;N;139
2446368;N;N;78
2446369;N;N;111
2446421;N;N;118
2446494;N;N;126
2446501;N;N;113
2446644;N;N;83
2446778;N;(1971 edit with new Chaplin score);50
2446778;N;N;68
2446778;Germany;N;54
2446782;N;N;104
2446984;N;N;69
2447022;N;N;85
2447027;N;N;141
2447082;N;N;138
2447114;N;N;91
2447163;N;N;133
2447164;N;N;87
2447248;N;N;103
2447823;N;N;94
2447864;N;N;96
2448078;N;N;111
2448577;N;N;87
2448585;N;N;113
2448629;N;N;104
2448671;N;N;163
2448671;N;(television version);219
2448908;N;N;85
2449148;N;N;118
2449148;N;(director's cut);127
2449330;N;N;103
2449498;N;N;164
2449525;N;N;92
2449530;N;N;116
2449729;Argentina;N;102
2449729;Spain;N;102
2449729;UK;N;104
2449747;N;N;112
2449747;USA;(director's cut);117
2450038;N;N;107
2450038;USA;(director's cut);140
2450051;N;N;94
2450102;N;N;100
2450102;Germany;(TV version);95
2450394;N;N;67
2450589;USA;N;87
2450945;N;N;90
2451008;N;N;116
2451328;N;N;89
2451386;USA;N;86
2451456;N;N;89
2451832;N;N;83
2451897;N;(TCM print);93
2451910;N;N;82
2451959;N;N;72
2452304;N;N;124
2452580;N;N;112
2452617;N;N;121
2452719;N;N;97
2452768;N;N;178
2452910;N;N;132
2452938;N;N;86
2452983;N;N;106
2453256;N;N;102
2453314;N;N;101
2453333;N;N;129
2453494;N;N;88
2453747;N;N;99
2453777;UK;N;96
2454098;N;N;18
2454234;N;N;107
2454636;N;N;128
2455724;N;N;100
2456019;N;N;94
2456020;N;N;75
2456021;N;N;120
2456181;N;N;129
2456218;N;N;115
2456265;N;N;103
2456292;N;N;104
2456555;N;N;91
2456557;N;N;93
2456585;N;N;119
2456586;N;N;125
2456637;N;N;126
2456741;N;(restored version) (20 fps);100
2456741;N;N;110
2456741;Portugal;(20 fps);110
2456741;UK;(theatrical version) (2012);101
2456944;N;N;94
2456944;Portugal;(censored version);90
2457168;N;N;101
2457188;N;N;136
2457234;N;N;89
2457384;N;N;95
2457395;N;N;97
2457441;N;N;88
2457441;Argentina;N;90
2457464;N;N;136
2458438;N;N;100
2458457;N;N;100
2458457;Poland;N;99
2458634;N;N;89
2458858;N;N;111
2458984;N;N;126
2458984;Poland;(DVD);122
2459227;N;N;125
2459369;N;N;92
2459443;N;N;77
2459538;N;N;91
2459856;N;N;103
2459965;N;N;117
2460167;Spain;N;57
2460167;USA;N;57
2460382;N;N;73
2460383;USA;N;88
2460384;N;N;125
2460384;UK;(cut);115
2460402;N;N;62
2460404;N;N;61
2460406;N;N;67
2460410;N;N;60
2460419;N;N;85
2460419;USA;(video version);89
2460422;N;N;95
2460432;N;N;94
2460492;N;N;97
2461007;N;N;93
2461085;N;N;85
2461086;N;N;85
2461096;France;N;98
2461096;UK;N;93
2461289;N;N;134
2461289;USA;(Director's Cut);144
2461385;N;N;90
2461385;West Germany;(cut version);82
2461485;N;N;140
2461549;N;N;91
2461598;N;N;114
2461620;N;N;90
2461620;Germany;N;86
2461620;UK;N;89
2461620;USA;N;89
2461621;Germany;N;95
2461621;UK;N;100
2461621;USA;N;95
2461650;N;N;112
2462106;N;N;113
2462106;N;(Extended Edition);123
2462112;N;N;108
2462112;Germany;(TV version);99
2462153;N;N;107
2462177;N;N;96
2462304;N;N;93
2462408;N;N;106
2462515;N;N;76
2462595;N;N;133
2462958;N;N;107
2462959;N;N;95
2463037;N;N;111
2463128;N;N;105
2463129;N;N;97
2463153;N;N;130
2463153;Germany;N;120
2463462;N;N;86
2463620;N;N;100
2463622;N;N;98
2463624;N;N;111
2463624;Germany;(cut version);107
2463946;N;N;90
2463959;N;N;105
2464197;N;N;115
2464545;N;N;129
2464635;N;N;90
2464684;N;N;116
2464684;Portugal;N;103
2464699;N;N;135
2464777;N;(2005 edition);114
2464777;N;N;91
2464994;N;N;80
2464994;Argentina;N;100
2465091;N;N;101
2465142;N;N;98
2465145;N;N;88
2465208;N;N;112
2465224;N;N;113
2465279;N;(re-release);115
2465279;N;(re-release);119
2465279;N;N;125
2465279;N;(original release);132
2465279;N;(edited television version);94
2465279;Portugal;N;112
2465320;N;N;129
2465321;N;N;127
2465773;N;N;165
2465773;N;(extended version);175
2465893;N;N;124
2465999;N;N;141
2466152;N;N;129
2466194;UK;N;113
2466403;N;N;130
2466489;N;N;96
2466584;N;N;84
2466643;N;N;100
2466743;N;N;93
2466743;N;(1929 re-release);95
2466743;Argentina;N;93
2466743;Canada;(Ontario);106
2466743;UK;(original release);101
2466743;USA;(DVD version);107
2466743;USA;(1995 version);92
2466782;N;N;112
2466916;N;N;121
2466916;Australia;N;114
2467141;N;N;126
2467591;N;N;124
2467606;N;N;104
2467606;Germany;N;90
2467655;N;N;75
2467655;UK;(theatrical version) (2012);92
2467993;N;N;99
2468093;N;N;121
2468205;N;N;144
2468209;N;N;117
2468266;N;N;177
2468270;N;N;122
2468555;N;N;123
2468663;N;N;97
2469053;N;N;99
2469075;N;N;132
2469104;N;N;98
2469496;N;N;88
2469602;N;N;112
2469755;N;N;98
2469815;N;N;110
2469819;N;N;113
2470056;N;N;109
2470130;N;N;82
2470287;N;N;112
2470444;N;N;95
2470520;N;N;107
2470557;N;N;129
2470575;Argentina;N;93
2470575;Australia;N;93
2470575;USA;N;92
2470769;N;N;104
2470910;N;N;135
2471102;N;N;100
2471175;N;N;86
2471217;N;N;128
2471265;N;N;105
2472087;N;N;93
2472244;N;N;110
2472260;N;N;94
2472260;N;(TCM print);96
2472292;N;N;134
2472391;N;N;87
2472391;USA;(extended cut);96
2472393;N;N;118
2472393;Australia;N;114
2472465;N;N;78
2472467;USA;N;77
2472800;N;N;113
2472807;N;(uncut version);95
2472807;Argentina;N;90
2472807;Canada;N;93
2472807;Finland;(video) (1997);82
2472807;Sweden;N;86
2472807;UK;(DVD);83
2472807;USA;(cut version);86
2473007;N;N;94
2473215;N;N;193
2473304;N;N;79
2473585;N;N;122
2473638;N;N;108
2473798;N;N;89
2473917;N;N;118
2474020;N;N;136
2474065;N;N;108
2474100;N;N;100
2474100;USA;(edited version);98
2474705;N;N;79
2474705;USA;(extended version);83
2474742;N;N;154
2474783;Germany;N;106
2474783;USA;N;109
2474888;N;N;101
2475103;N;N;87
2475166;N;N;116
2475195;Spain;N;108
2475195;UK;N;103
2475195;USA;N;103
2475387;N;N;117
2475387;Argentina;N;118
2475423;N;N;97
2475442;N;N;77
2475680;N;(2000 restored version);98
2475680;Sweden;N;115
2475682;N;N;135
2475939;N;N;101
2476119;N;N;120
2476201;France;N;80
2476233;N;N;119
2476335;N;N;88
2476415;N;N;60
2476422;N;N;95
2476484;N;N;101
2476743;N;N;82
2476750;N;N;103
2477259;N;N;97
2477403;N;N;108
2477403;Canada;(edited version);93
2477524;N;N;91
2477525;N;N;104
2477653;N;N;142
2477732;N;N;138
2477894;N;(cut) (European version);119
2477894;N;(cut);142
2477894;N;(original version);146
2477986;N;N;104
2477986;France;N;89
2477986;USA;N;89
2478017;N;N;99
2478105;N;N;93
2478286;N;N;116
2478414;N;N;118
2479024;N;N;107
2479029;N;N;107
2479085;USA;(Hypercube restored version);77
2479134;N;N;106
2479393;N;N;146
2479393;USA;N;127
2479418;N;N;77
2479771;N;N;114
2479989;N;(1969 alternate version);68
2480294;N;N;174
2480359;USA;N;50
2480499;N;N;110
2480572;N;N;110
2480579;N;N;82
2480764;N;N;83
2480924;N;N;117
2481073;N;N;125
2481073;Sweden;(cut version);123
2481424;N;N;109
2481424;Argentina;N;110
2481584;N;N;115
2481584;UK;(2004 DVD release);100
2481584;UK;(2001 DVD release);110
2481636;Canada;N;90
2481665;N;N;129
2482169;N;N;95
2482282;N;N;112
2482834;N;N;94
2482876;N;N;97
2482887;N;N;114
2482925;N;N;81
2482925;Argentina;N;85
2482984;N;N;110
2483077;N;N;100
2483187;N;N;122
2483470;Argentina;N;90
2483470;Germany;N;90
2483470;UK;N;89
2483470;USA;N;90
2483519;N;N;112
2483674;N;N;79
2483838;N;N;104
2483957;N;N;139
2484054;N;N;122
2484082;N;N;100
2484104;N;N;87
2484104;Germany;(TV version);81
2484656;N;N;107
2484852;N;N;98
2484853;N;(original uncut version);101
2484853;Canada;(Ontario) (cut);89
2484924;N;N;101
2485001;N;N;103
2485008;N;N;91
2485013;N;N;170
2485015;N;N;109
2485041;N;N;87
2485041;USA;(re-issue version);81
2485041;USA;(original US 16 mm television syndication prints);85
2485156;N;N;104
2485156;USA;N;93
2485163;N;N;119
2485237;N;N;100
2485256;N;N;102
2485257;N;N;113
2485327;USA;N;71
2485393;N;N;105
2485547;N;N;91
2485620;N;N;99
2485682;N;N;77
2485831;N;N;82
2485971;UK;N;81
2485971;USA;N;81
2486246;N;N;165
2486283;N;N;87
2486283;Argentina;(Mar del Plata Film Festival);87
2486283;Canada;N;78
2486283;Japan;N;92
2486283;USA;(R-rated version);78
2486283;USA;(unrated version: Directors Cut);82
2486285;N;N;96
2486285;Norway;(Unrated Director's Cut);102
2486285;USA;(unrated version);103
2486286;N;(director's cut);102
2486655;N;N;84
2486655;Argentina;N;85
2486817;N;N;126
2487055;N;N;94
2487095;N;N;108
2487210;N;N;99
2487295;N;N;9
2487366;N;N;103
2487415;N;N;97
2487653;N;N;91
2487726;N;N;94
2487884;N;N;137
2488034;N;N;93
2488034;Argentina;N;92
2488034;Australia;N;91
2488034;France;N;91
2488034;UK;N;91
2488227;N;N;171
2488375;N;N;88
2488990;N;N;119
2489145;N;N;106
2489362;N;N;100
2489534;N;N;100
2489627;N;N;129
2489677;N;N;99
2490074;N;N;97
2490074;Germany;(TV version);90
2490655;N;N;85
2490779;N;N;88
2490945;N;N;126
2490998;N;N;96
2491016;N;N;98
2491020;N;(DVD);119
2491020;N;N;123
2491068;N;N;85
2491349;N;N;90
2491493;N;N;118
2491565;N;N;119
2491565;Spain;N;120
2491802;USA;N;57
2491830;N;N;95
2492491;N;N;98
2492509;N;N;111
2492644;N;N;101
2492725;USA;N;145
2492771;N;N;93
2493094;N;N;102
2493184;N;N;117
2493184;West Germany;N;105
2493193;N;N;108
2493193;Turkey;(TV version);95
2493239;N;N;98
2493444;N;N;101
2493503;N;N;70
2493709;N;N;88
2493775;N;N;133
2493900;N;N;106
2493900;Germany;N;102
2494140;N;N;128
2494739;N;N;105
2494787;N;N;30
2494814;N;N;121
2494890;N;N;115
2494910;N;N;103
2494924;N;N;115
2495198;N;N;99
2495779;N;N;130
2495820;N;N;94
2496353;N;N;119
2496353;Turkey;(TV version);107
2496353;USA;(extended cut);130
2496608;N;N;98
2496767;N;N;92
2496783;N;N;98
2496840;N;(original version);129
2496840;USA;(current version);120
2497211;N;N;100
2497303;N;N;115
2497412;N;N;92
2497499;N;N;98
2497612;N;N;98
2498040;Canada;N;119
2498040;Japan;N;121
2498143;N;N;82
2498578;N;N;100
2498766;N;N;85
2499216;N;N;63
2499216;Spain;N;55
2499368;N;N;117
2499488;N;N;114
2499704;N;N;113
2499704;Germany;(German version);105
2499704;USA;N;104
2499854;N;N;115
2499970;N;N;98
2500022;N;N;93
2500735;Spain;N;87
2500735;UK;N;86
2500735;USA;N;86
2500886;N;N;130
2500912;N;N;115
2501253;N;N;99
2501343;N;N;99
2502098;N;N;94
2502334;N;N;101
2502501;N;N;75
2503087;N;N;116
2503087;Japan;(original release);103
2503087;USA;N;110
2503342;N;N;101
2503584;N;N;99
2503810;N;N;135
2503827;N;N;112
2504015;N;N;85
2504449;N;N;94
2504464;N;N;98
2504469;N;N;194
2504794;N;N;162
2504995;N;N;99
2505066;N;N;106
2505110;N;N;106
2505110;Argentina;N;110
2505183;N;N;93
2505263;N;N;129
2505515;N;N;105
2505595;N;N;109
2506826;N;N;101
2507383;N;N;87
2507383;Argentina;(Mar del Plata Film Festival);87
2507620;Argentina;N;115
2507620;Sweden;N;126
2507620;UK;N;125
2507620;USA;N;115
2507690;N;N;128
2507690;USA;(director's cut);121
2507787;N;N;97
2508020;N;N;130
2508020;USA;(director's cut);134
2508085;N;N;111
2508103;N;N;97
2508265;N;N;119
2509455;N;N;110
2509481;N;N;101
2509481;USA;(re-release) (re-edited version);81
2509643;N;(edited version);127
2509643;N;N;143
2509643;Portugal;N;125
2509799;N;N;160
2509841;N;N;144
2509841;N;(Extended Japanese Edition 2009);160
2509841;Japan;N;149
2509841;UK;N;137
2510141;N;N;128
2510141;France;N;126
2510141;Germany;N;126
2510141;Netherlands;N;118
2510661;N;N;111
2510683;N;N;113
2511051;N;N;96
2511131;N;(restored version);111
2511131;N;N;95
2511131;Germany;(1998 alternate version);111
2511131;Spain;(DVD edition);106
2511131;USA;(1975 alternate version);108
2511131;USA;(director's cut);112
2511307;N;N;104
2511419;USA;N;85
2512048;N;N;81
2512048;Turkey;(TV version);74
2512050;N;N;92
2512050;Turkey;(TV version);82
2512132;N;N;118
2512132;N;(FMC Library Print) (dvd release);122
2512542;N;N;116
2513057;N;N;89
2513082;N;N;103
2513237;N;N;94
2513519;N;N;80
2514865;N;N;101
2514980;Italy;N;116
2515489;N;N;95
2515573;N;N;86
2516147;N;N;98
2516166;N;N;107
2516358;N;N;89
2516406;N;N;98
2517067;N;N;94
2517305;USA;N;116
2517391;N;N;93
2517414;N;N;91
2517415;N;N;98
2517416;N;N;99
2517491;France;N;123
2517491;Germany;N;120
2518007;N;N;83
2518391;N;N;127
2518423;N;N;128
2518451;N;N;141
2518541;N;N;120
2518541;USA;(unrated director's cut);121
2518736;N;N;107
2518905;N;N;106
2519338;N;N;96
2520062;N;N;105
2520326;N;N;102
2520706;N;N;99
2520712;N;N;100
2520896;N;N;86
2521170;Sweden;N;96
2521170;USA;N;97
2521605;N;N;12
2521652;N;N;129
2521851;N;N;94
2521986;N;N;111
2522004;N;N;135
2522027;N;N;99
2522182;N;N;100
2522318;N;N;113
2522447;N;N;85
2522562;N;N;102
2522562;USA;N;99
2522618;N;N;108
2522618;Spain;N;109
2522651;USA;(DVD version);10
2522674;N;N;84
2522758;N;N;96
2522948;N;N;104
2522957;N;N;118
2523180;N;N;87
2523180;Argentina;N;90
2523180;UK;N;84
2524414;N;N;125
2524549;N;N;116
2524640;N;N;131
2524696;N;N;99
2525819;N;N;113
2525874;Argentina;N;116
2525874;Germany;N;100
2525874;Italy;N;117
2525874;Portugal;N;91
2525874;USA;N;94
2527825;N;N;108
2528355;N;N;102
2528406;USA;N;90
2529538;N;N;82
2529538;Argentina;N;94
2529538;Romania;N;94
2531186;N;N;102
2531311;N;N;117
2531311;West Germany;N;111
2531457;N;N;103
2531460;N;N;100
2531460;Germany;(16-rated version);92
2531488;N;N;110
2531488;USA;(TV);111
2531770;N;N;98
2532030;N;N;170
2532030;N;(director's cut);320
2532030;USA;N;167
2532198;N;N;80
2532198;Portugal;(director's cut);87
2532812;N;N;80
2533425;N;N;117
2533451;N;N;131
2533461;N;N;57
2533625;Argentina;N;102
2533625;UK;N;105
2533625;USA;N;103
2533992;N;N;102
2533992;Germany;(TV version) (heavily cut);84
2533997;N;N;83
2534991;N;N;93
2536738;N;N;73
2536827;N;N;124
2537109;N;N;115
2537149;N;N;86
2537704;N;N;99
2537710;N;N;97
2537793;N;N;103
2537793;Argentina;(Mar del Plata Film Festival);106
2538575;N;N;135
2539567;N;N;98
2540772;N;N;100
2540794;N;N;108
2540794;Argentina;N;106
2540794;Germany;(cut version);104
2541368;N;N;119
2541694;N;N;106
2541694;Germany;N;100
2542489;N;N;93
2542878;N;N;124
2543337;N;N;108
2543337;Canada;N;110
2544143;N;N;23
2544156;Canada;N;88
2544156;USA;N;88
2544531;N;N;128
2544531;USA;(1996 restored version);129
2544594;N;N;100
2545159;Argentina;N;95
2545159;Netherlands;N;93
2545159;Portugal;N;95
2545159;USA;N;91
2545380;N;N;99
2545754;N;N;132
2547352;N;N;77
2547353;N;N;99
2547971;N;N;88
2548449;N;N;106
2548478;N;N;99
2550559;N;N;104
2550858;N;N;107
2551701;N;N;155
2551701;USA;(video version);182
2551718;N;N;105
2553800;N;N;97
2554203;N;N;84
2554361;N;N;124
2554662;N;N;91
2554662;Argentina;N;92
2554699;N;N;105
2554996;N;N;100
2554996;USA;(1997 reissue);100
2554996;USA;(original version);95
2555100;N;N;86
2555555;N;N;81
2555555;USA;N;80
2556055;N;N;58
2556271;N;N;95
2556792;France;N;103
2556792;USA;N;101
2557229;N;N;115
2558123;N;N;101
2558123;Brazil;N;92
2558138;N;N;135
2558138;USA;(director's cut);176
2558441;N;N;94
2558443;N;N;95
2559217;N;N;72
2559249;N;N;101
2559249;UK;N;106
2559529;N;N;102
2559855;N;N;97
2560159;N;N;94
2560564;N;N;103
2560598;Argentina;N;97
2560598;France;(Cannes Film Festival);106
2560598;UK;N;97
2560616;N;N;88
2561165;N;N;94
2561419;N;N;105
2561419;Argentina;(Buenos Aires Festival Internacional de Cine Independiente);105
2561516;N;N;152
2561802;N;N;88
2562193;N;N;99
2562411;N;N;113
2562421;N;N;101
2562422;N;N;134
2562422;Argentina;N;135
2562503;N;N;91
2562822;N;N;130
2562929;N;N;105
2563410;N;N;118
2563451;USA;N;30
2563697;N;N;112
2563736;N;N;94
2564194;N;N;96
2564194;Turkey;(TV version);89
2564560;N;N;94
2564560;Argentina;N;93
2564828;N;N;89
2564953;N;N;126
2565487;N;N;158
2565814;N;N;96
2565851;N;N;120
2565873;N;N;89
2565985;Argentina;N;101
2565985;Germany;N;95
2565985;USA;N;97
2566203;N;N;103
2566262;N;N;82
2566626;N;N;120
2566626;UK;N;115
2566895;N;N;89
2566918;N;N;115
2566918;USA;(VHS version);118
2567049;N;N;101
2567099;N;N;129
2567258;N;N;92
2567467;N;N;104
2567890;N;N;131
2567937;N;N;94
2568399;N;N;116
2568931;N;N;88
2569037;Argentina;N;102
2569037;Canada;(Ontario);102
2569037;Spain;N;102
2569037;UK;N;101
2569037;USA;N;101
2569556;N;N;106
2569583;N;N;98
2569814;N;N;105
2569938;N;N;108
2569938;N;(Unrated Edition);115
2570013;N;N;106
2570133;N;N;118
2570785;N;N;126
2570825;N;N;100
2570825;West Germany;(theatrical version);89
2571171;N;N;96
2571296;N;N;100
2571358;N;N;144
2571413;France;N;50
2571413;USA;N;40
2571635;N;N;25
2572280;N;N;101
2572301;N;N;109
2572478;N;N;90
2572635;N;N;82
2572655;N;N;105
2572675;N;N;103
2572978;N;N;107
2573045;N;N;117
2573168;N;N;112
2573677;N;N;125
2574016;N;N;92
2574613;N;N;107
2574730;N;N;108
2574824;N;N;84
2575313;N;N;113
2576718;N;N;87
2576852;China;N;113
2576852;USA;N;113
2577062;USA;N;113
2577075;N;N;191
2577075;USA;(extended edition);212
2577314;N;N;104
2577428;N;N;81
2578162;USA;N;123
2578330;Hong Kong;N;86
2578330;Japan;N;87
2578330;USA;N;90
2578392;N;N;92
2579662;Brazil;N;100
2579662;USA;N;100
2579702;Canada;N;108
2580276;N;N;106
2580619;N;N;90
2580619;USA;N;85
2581228;N;N;106
2581428;N;N;124
2581836;N;N;105
2582703;N;N;126
2582995;USA;N;84
2583382;N;N;119
2583601;N;N;96
2583633;N;N;106
2583695;N;N;107
2583701;N;N;104
2583966;N;N;109
2584115;N;N;80
2584115;USA;N;83
2584311;N;N;100
2585064;N;N;113
2585064;Argentina;N;115
2585507;N;N;110
2586057;N;N;93
2586756;Poland;N;92
2587077;USA;N;83
2587740;N;N;108
2587786;N;N;116
2587976;N;N;98
2590181;N;N;95
2591814;N;N;97
2592334;N;N;104
2592963;N;N;104
2592963;USA;(re-release);83
2592963;USA;N;97
2593112;Germany;N;85
2593112;USA;N;83
2593313;N;N;111
